,loop_no,relevant_count,irrelevant_count,accuracy,precision,recall,f1,m1_training_time,m1_prediction_time,m1_acc,m1_prec,m1_rec,m1_f1
0,0,5,0,0.8109577582601422,0.29896907216494845,0.8959349593495934,0.4483319772172498,0.030120372772216797,0.08356142044067383,0.8109577582601422,0.29896907216494845,0.8959349593495934,0.4483319772172498
1,1,5,10,0.914142119223789,0.0,0.0,0.0,0.03347444534301758,0.07993292808532715,0.914142119223789,0.0,0.0,0.0
2,2,5,20,0.9140220886341395,0.0,0.0,0.0,0.03975725173950195,0.07983899116516113,0.9140220886341395,0.0,0.0,0.0
3,3,6,29,0.9113817723645528,0.08695652173913043,0.003257328990228013,0.006279434850863422,0.039577484130859375,0.07967734336853027,0.9113817723645528,0.08695652173913043,0.003257328990228013,0.006279434850863422
4,4,6,39,0.9149025655404458,0.5897435897435898,0.03745928338762215,0.07044410413476264,0.04205489158630371,0.07993292808532715,0.9149025655404458,0.5897435897435898,0.03745928338762215,0.07044410413476264
5,5,13,42,0.914783097009687,0.0,0.0,0.0,0.052790164947509766,0.0791923999786377,0.914783097009687,0.0,0.0,0.0
6,6,13,52,0.9184591592858147,0.5208012326656395,0.556836902800659,0.5382165605095542,0.049067020416259766,0.07962346076965332,0.9184591592858147,0.5208012326656395,0.556836902800659,0.5382165605095542
7,7,20,55,0.9155286498662537,0.0,0.0,0.0,0.05410361289978027,0.07941746711730957,0.9155286498662537,0.0,0.0,0.0
8,8,20,65,0.922458762159876,0.5892857142857143,0.275,0.375,0.05620622634887695,0.07886981964111328,0.922458762159876,0.5892857142857143,0.275,0.375
9,9,27,68,0.7448821120993929,0.2098470363288719,0.7403035413153457,0.3270018621973929,0.08412766456604004,0.07921767234802246,0.7448821120993929,0.2098470363288719,0.7403035413153457,0.3270018621973929
10,10,28,77,0.9247843913473773,0.5581395348837209,0.4864864864864865,0.5198555956678701,0.060285091400146484,0.08017349243164062,0.9247843913473773,0.5581395348837209,0.4864864864864865,0.5198555956678701
11,11,33,82,0.9168908395865779,0.0,0.0,0.0,0.07072877883911133,0.07814860343933105,0.9168908395865779,0.0,0.0,0.0
12,12,34,91,0.8821777966822628,0.36373748609566187,0.5580204778156996,0.44040404040404035,0.07241487503051758,0.07889056205749512,0.8821777966822628,0.36373748609566187,0.5580204778156996,0.44040404040404035
13,13,35,100,0.9179326991338919,0.5228758169934641,0.13675213675213677,0.21680216802168023,0.09926891326904297,0.07858705520629883,0.9179326991338919,0.5228758169934641,0.13675213675213677,0.21680216802168023
14,14,41,104,0.917816010237452,1.0,0.0017271157167530224,0.003448275862068965,0.07377886772155762,0.07857298851013184,0.917816010237452,1.0,0.0017271157167530224,0.003448275862068965
15,15,42,113,0.9176989890360245,0.0,0.0,0.0,0.07712650299072266,0.07835936546325684,0.9176989890360245,0.0,0.0,0.0
16,16,42,123,0.917581634108085,0.0,0.0,0.0,0.07798361778259277,0.07839560508728027,0.917581634108085,0.0,0.0,0.0
17,17,42,133,0.9174639440239897,0.0,0.0,0.0,0.08200359344482422,0.07826828956604004,0.9174639440239897,0.0,0.0,0.0
18,18,43,142,0.9174889174889175,0.0,0.0,0.0,0.09235334396362305,0.07833528518676758,0.9174889174889175,0.0,0.0,0.0
19,19,44,151,0.9173707575540598,0.0,0.0,0.0,0.10341238975524902,0.07830977439880371,0.9173707575540598,0.0,0.0,0.0
20,20,45,160,0.9239925426645633,0.5889328063241107,0.2591304347826087,0.3599033816425121,0.09181904792785645,0.07787489891052246,0.9239925426645633,0.5889328063241107,0.2591304347826087,0.3599033816425121
21,21,45,170,0.9174206520178084,0.0,0.0,0.0,0.11366009712219238,0.0782465934753418,0.9174206520178084,0.0,0.0,0.0
22,22,45,180,0.9116927944772041,0.48247978436657685,0.9339130434782609,0.6362559241706162,0.11457538604736328,0.07757687568664551,0.9116927944772041,0.48247978436657685,0.9339130434782609,0.6362559241706162
23,23,46,189,0.9173268039752268,0.0,0.0,0.0,0.12308311462402344,0.07811307907104492,0.9173268039752268,0.0,0.0,0.0
24,24,47,198,0.9173517957594115,0.0,0.0,0.0,0.1186819076538086,0.07796335220336914,0.9173517957594115,0.0,0.0,0.0
25,25,48,207,0.9173768597428861,0.0,0.0,0.0,0.12772822380065918,0.07793331146240234,0.9173768597428861,0.0,0.0,0.0
26,26,48,217,0.9172573412411399,0.0,0.0,0.0,0.12877321243286133,0.07813858985900879,0.9172573412411399,0.0,0.0,0.0
27,27,48,227,0.9171374764595104,0.0,0.0,0.0,0.13245248794555664,0.07716560363769531,0.9171374764595104,0.0,0.0,0.0
28,28,48,237,0.9168721891774264,0.48936170212765956,0.04020979020979021,0.07431340872374799,0.13106060028076172,0.07670211791992188,0.9168721891774264,0.48936170212765956,0.04020979020979021,0.07431340872374799
29,29,51,244,0.9173325584774081,0.0,0.0,0.0,0.1393887996673584,0.07758665084838867,0.9173325584774081,0.0,0.0,0.0
30,30,51,254,0.9172122799359814,0.0,0.0,0.0,0.1478898525238037,0.07673811912536621,0.9172122799359814,0.0,0.0,0.0
31,31,51,264,0.9170916508815387,0.0,0.0,0.0,0.1383821964263916,0.07663583755493164,0.9170916508815387,0.0,0.0,0.0
32,32,51,274,0.9169706697796586,0.0,0.0,0.0,0.14299225807189941,0.07673883438110352,0.9169706697796586,0.0,0.0,0.0
33,33,51,284,0.9168493350869502,0.5,0.008787346221441126,0.017271157167530225,0.14450716972351074,0.07649540901184082,0.9168493350869502,0.5,0.008787346221441126,0.017271157167530225
34,34,56,289,0.9174593882628421,0.0,0.0,0.0,0.14874649047851562,0.0765986442565918,0.9174593882628421,0.0,0.0,0.0
35,35,57,298,0.9174849772827202,0.0,0.0,0.0,0.16386198997497559,0.07645535469055176,0.9174849772827202,0.0,0.0,0.0
36,36,58,307,0.9175106414208132,0.0,0.0,0.0,0.18331599235534668,0.07572340965270996,0.9175106414208132,0.0,0.0,0.0
37,37,58,317,0.9188593267676025,0.5362318840579711,0.13167259786476868,0.21142857142857144,0.15902352333068848,0.07634830474853516,0.9188593267676025,0.5362318840579711,0.13167259786476868,0.21142857142857144
38,38,64,321,0.9181510378330634,0.0,0.0,0.0,0.16040778160095215,0.07634305953979492,0.9181510378330634,0.0,0.0,0.0
39,39,65,330,0.9181777974347634,0.0,0.0,0.0,0.16312050819396973,0.07601428031921387,0.9181777974347634,0.0,0.0,0.0
40,40,65,340,0.9180569909936512,0.0,0.0,0.0,0.1669478416442871,0.07569169998168945,0.9180569909936512,0.0,0.0,0.0
41,41,66,349,0.9180836906698211,0.0,0.0,0.0,0.17671942710876465,0.07545280456542969,0.9180836906698211,0.0,0.0,0.0
42,42,67,358,0.9229971864356582,0.609271523178808,0.16636528028933092,0.26136363636363635,0.17972874641418457,0.07593560218811035,0.9229971864356582,0.609271523178808,0.16636528028933092,0.26136363636363635
43,43,70,365,0.9184339314845025,0.0,0.0,0.0,0.18286347389221191,0.07560348510742188,0.9184339314845025,0.0,0.0,0.0
44,44,71,374,0.9183127877617704,0.0,0.0,0.0,0.1918022632598877,0.07570552825927734,0.9183127877617704,0.0,0.0,0.0
45,45,72,383,0.9184887698943924,0.0,0.0,0.0,0.19488096237182617,0.07531881332397461,0.9184887698943924,0.0,0.0,0.0
46,46,73,392,0.9185163116341427,0.0,0.0,0.0,0.19968938827514648,0.07564663887023926,0.9185163116341427,0.0,0.0,0.0
47,47,74,401,0.9185439355512457,0.0,0.0,0.0,0.20342707633972168,0.0756218433380127,0.9185439355512457,0.0,0.0,0.0
48,48,74,411,0.9184222321828777,0.0,0.0,0.0,0.20504379272460938,0.07498812675476074,0.9184222321828777,0.0,0.0,0.0
49,49,74,421,0.918300164596738,0.0,0.0,0.0,0.20735859870910645,0.0746924877166748,0.918300164596738,0.0,0.0,0.0
50,50,74,431,0.9181777311554024,0.0,0.0,0.0,0.2093958854675293,0.07490873336791992,0.9181777311554024,0.0,0.0,0.0
51,51,74,441,0.9180549302116164,0.0,0.0,0.0,0.21537303924560547,0.07449936866760254,0.9180549302116164,0.0,0.0,0.0
52,52,75,450,0.9180820682398918,0.0,0.0,0.0,0.21459245681762695,0.07497549057006836,0.9180820682398918,0.0,0.0,0.0
53,53,75,460,0.917958753575192,0.0,0.0,0.0,0.23121023178100586,0.07467770576477051,0.917958753575192,0.0,0.0,0.0
54,54,76,469,0.9175335443992161,0.2,0.001838235294117647,0.0036429872495446266,0.2232205867767334,0.07427740097045898,0.9175335443992161,0.2,0.001838235294117647,0.0036429872495446266
55,55,77,478,0.9180129850520912,0.0,0.0,0.0,0.2258007526397705,0.07454371452331543,0.9180129850520912,0.0,0.0,0.0
56,56,77,488,0.9178890065023438,0.0,0.0,0.0,0.22665047645568848,0.07401728630065918,0.9178890065023438,0.0,0.0,0.0
57,57,77,498,0.9177646524307133,0.0,0.0,0.0,0.22945952415466309,0.07372283935546875,0.9177646524307133,0.0,0.0,0.0
58,58,77,508,0.9176399211284696,0.0,0.0,0.0,0.23037457466125488,0.0733799934387207,0.9176399211284696,0.0,0.0,0.0
59,59,77,518,0.9164514658970074,0.0,0.0,0.0,0.2559163570404053,0.07341933250427246,0.9164514658970074,0.0,0.0,0.0
60,60,77,528,0.9166286322835844,0.3333333333333333,0.009208103130755065,0.01792114695340502,0.25095319747924805,0.07378602027893066,0.9166286322835844,0.3333333333333333,0.009208103130755065,0.01792114695340502
61,61,81,534,0.9178729239676977,0.0,0.0,0.0,0.24474763870239258,0.07387542724609375,0.9178729239676977,0.0,0.0,0.0
62,62,82,543,0.9179001983824203,0.0,0.0,0.0,0.2465980052947998,0.07313251495361328,0.9179001983824203,0.0,0.0,0.0
63,63,83,552,0.8972948188904173,0.0,0.0,0.0,0.2491588592529297,0.0735161304473877,0.8972948188904173,0.0,0.0,0.0
64,64,83,562,0.9178019286698301,0.0,0.0,0.0,0.24957585334777832,0.07321786880493164,0.9178019286698301,0.0,0.0,0.0
65,65,84,571,0.9178292196841944,0.0,0.0,0.0,0.25476717948913574,0.07314300537109375,0.9178292196841944,0.0,0.0,0.0
66,66,84,581,0.9177030554276063,0.0,0.0,0.0,0.2725718021392822,0.0733797550201416,0.9177030554276063,0.0,0.0,0.0
67,67,85,590,0.9177302783330771,0.0,0.0,0.0,0.2708268165588379,0.07341122627258301,0.9177302783330771,0.0,0.0,0.0
68,68,86,599,0.9177575850916372,0.0,0.0,0.0,0.2777736186981201,0.0724029541015625,0.9177575850916372,0.0,0.0,0.0
69,69,87,608,0.9177849760913157,0.0,0.0,0.0,0.2794644832611084,0.07307982444763184,0.9177849760913157,0.0,0.0,0.0
70,70,87,618,0.9176579638498378,0.0,0.0,0.0,0.28187036514282227,0.07227683067321777,0.9176579638498378,0.0,0.0,0.0
71,71,88,627,0.9176852854711435,0.0,0.0,0.0,0.28302884101867676,0.07202816009521484,0.9176852854711435,0.0,0.0,0.0
72,72,89,636,0.9177126917712691,0.0,0.0,0.0,0.2874176502227783,0.07191252708435059,0.9177126917712691,0.0,0.0,0.0
73,73,89,646,0.9175849759428838,0.0,0.0,0.0,0.3014235496520996,0.0716402530670166,0.9175849759428838,0.0,0.0,0.0
74,74,89,656,0.9174568630498989,0.0,0.0,0.0,0.2909824848175049,0.07169985771179199,0.9174568630498989,0.0,0.0,0.0
75,75,90,665,0.9174840417250506,0.0,0.0,0.0,0.29595136642456055,0.07179450988769531,0.9174840417250506,0.0,0.0,0.0
76,76,90,675,0.9173553719008265,0.0,0.0,0.0,0.29656171798706055,0.07149744033813477,0.9173553719008265,0.0,0.0,0.0
77,77,90,685,0.9166015930032797,0.35714285714285715,0.009433962264150943,0.018382352941176468,0.30382370948791504,0.07136726379394531,0.9166015930032797,0.35714285714285715,0.009433962264150943,0.018382352941176468
78,78,94,691,0.9177225089942124,0.0,0.0,0.0,0.30687737464904785,0.07186508178710938,0.9177225089942124,0.0,0.0,0.0
79,79,94,701,0.9174369418768604,0.0,0.0,0.0,0.31382226943969727,0.07172703742980957,0.9174369418768604,0.0,0.0,0.0
80,80,95,710,0.9176212144986663,0.0,0.0,0.0,0.33055567741394043,0.07222342491149902,0.9176212144986663,0.0,0.0,0.0
81,81,96,719,0.9225208235109226,0.5837837837837838,0.20610687022900764,0.304654442877292,0.31159448623657227,0.07101273536682129,0.9225208235109226,0.5837837837837838,0.20610687022900764,0.304654442877292
82,82,103,722,0.9186211238784826,0.0,0.0,0.0,0.32546448707580566,0.0712883472442627,0.9186211238784826,0.0,0.0,0.0
83,83,104,731,0.918650480845026,0.0,0.0,0.0,0.31807541847229004,0.07045578956604004,0.918650480845026,0.0,0.0,0.0
84,84,105,740,0.9186799305226591,0.0,0.0,0.0,0.32409119606018066,0.07165002822875977,0.9186799305226591,0.0,0.0,0.0
85,85,106,749,0.9179187094733513,0.0,0.0,0.0,0.32556724548339844,0.07092022895812988,0.9179187094733513,0.0,0.0,0.0
86,86,107,758,0.9187391097734833,0.0,0.0,0.0,0.3249785900115967,0.07055807113647461,0.9187391097734833,0.0,0.0,0.0
87,87,108,767,0.9187688402348089,0.0,0.0,0.0,0.3290443420410156,0.06999802589416504,0.9187688402348089,0.0,0.0,0.0
88,88,108,777,0.9186397584617829,0.0,0.0,0.0,0.3394277095794678,0.07003116607666016,0.9186397584617829,0.0,0.0,0.0
89,89,108,787,0.918510265796594,0.0,0.0,0.0,0.3461644649505615,0.06984996795654297,0.918510265796594,0.0,0.0,0.0
90,90,108,797,0.918380360274191,0.0,0.0,0.0,0.34772372245788574,0.06972146034240723,0.918380360274191,0.0,0.0,0.0
91,91,108,807,0.9182500399169727,0.0,0.0,0.0,0.3556942939758301,0.07067227363586426,0.9182500399169727,0.0,0.0,0.0
92,92,108,817,0.9176395330241484,0.0,0.0,0.0,0.3626081943511963,0.06963586807250977,0.9176395330241484,0.0,0.0,0.0
93,93,108,827,0.9179881467243313,0.0,0.0,0.0,0.36679744720458984,0.06977486610412598,0.9179881467243313,0.0,0.0,0.0
94,94,108,837,0.9178565698700465,0.0,0.0,0.0,0.36739563941955566,0.06985950469970703,0.9178565698700465,0.0,0.0,0.0
95,95,108,847,0.9177245701430178,0.0,0.0,0.0,0.3678457736968994,0.06960558891296387,0.9177245701430178,0.0,0.0,0.0
96,96,108,857,0.9175921455013681,0.0,0.0,0.0,0.38825297355651855,0.06962013244628906,0.9175921455013681,0.0,0.0,0.0
97,97,108,867,0.9174592938900532,0.0,0.0,0.0,0.36896514892578125,0.06904077529907227,0.9174592938900532,0.0,0.0,0.0
98,98,108,877,0.9173260132407557,0.0,0.0,0.0,0.37284421920776367,0.06882929801940918,0.9173260132407557,0.0,0.0,0.0
99,99,108,887,0.9171923014717774,0.0,0.0,0.0,0.38994264602661133,0.06865262985229492,0.9171923014717774,0.0,0.0,0.0
100,100,108,897,0.9168961606998218,0.0,0.0,0.0,0.38277339935302734,0.06830310821533203,0.9168961606998218,0.0,0.0,0.0
101,101,108,907,0.9169235761804316,0.0,0.0,0.0,0.38596415519714355,0.06934618949890137,0.9169235761804316,0.0,0.0,0.0
102,102,108,917,0.9167885584267836,0.0,0.0,0.0,0.3876028060913086,0.06930184364318848,0.9167885584267836,0.0,0.0,0.0
103,103,108,927,0.9166531010906723,0.0,0.0,0.0,0.4040791988372803,0.06832003593444824,0.9166531010906723,0.0,0.0,0.0
104,104,108,937,0.916517202021849,0.0,0.0,0.0,0.38779211044311523,0.0683290958404541,0.916517202021849,0.0,0.0,0.0
105,105,108,947,0.9163808590560183,0.0,0.0,0.0,0.3894650936126709,0.0676870346069336,0.9163808590560183,0.0,0.0,0.0
106,106,108,957,0.9162440700147227,0.0,0.0,0.0,0.4072916507720947,0.06767702102661133,0.9162440700147227,0.0,0.0,0.0
107,107,108,967,0.916106832705227,0.0,0.0,0.0,0.3987255096435547,0.06869935989379883,0.916106832705227,0.0,0.0,0.0
108,108,108,977,0.9159691449204005,0.0,0.0,0.0,0.4033510684967041,0.06842231750488281,0.9159691449204005,0.0,0.0,0.0
109,109,108,987,0.9158310044385993,0.0,0.0,0.0,0.4032890796661377,0.0675661563873291,0.9158310044385993,0.0,0.0,0.0
110,110,108,997,0.9156924090235469,0.0,0.0,0.0,0.4181845188140869,0.06788396835327148,0.9156924090235469,0.0,0.0,0.0
111,111,108,1007,0.9155533564242124,0.0,0.0,0.0,0.41797804832458496,0.06786823272705078,0.9155533564242124,0.0,0.0,0.0
112,112,108,1017,0.9154138443746902,0.0,0.0,0.0,0.44217467308044434,0.06768298149108887,0.9154138443746902,0.0,0.0,0.0
113,113,108,1027,0.9152738705940758,0.0,0.0,0.0,0.4282350540161133,0.06694531440734863,0.9152738705940758,0.0,0.0,0.0
114,114,108,1037,0.9151334327863417,0.0,0.0,0.0,0.4300110340118408,0.0670173168182373,0.9151334327863417,0.0,0.0,0.0
115,115,108,1047,0.9149925286402125,0.0,0.0,0.0,0.4453766345977783,0.06705236434936523,0.9149925286402125,0.0,0.0,0.0
116,116,108,1057,0.9148511558290371,0.0,0.0,0.0,1.1413159370422363,0.06737017631530762,0.9148511558290371,0.0,0.0,0.0
117,117,108,1067,0.9247043145094119,0.8260869565217391,0.1484375,0.25165562913907286,1.0008151531219482,0.06719851493835449,0.9247043145094119,0.8260869565217391,0.1484375,0.25165562913907286
118,118,115,1070,0.9179042215918571,0.8823529411764706,0.0297029702970297,0.057471264367816084,1.3018798828125,0.06699228286743164,0.9179042215918571,0.8823529411764706,0.0297029702970297,0.057471264367816084
119,119,123,1072,0.9272939996657196,0.7980769230769231,0.16700201207243462,0.27620632279534113,1.144435167312622,0.0672600269317627,0.9272939996657196,0.7980769230769231,0.16700201207243462,0.27620632279534113
120,120,132,1073,0.9280093755231876,0.79,0.16188524590163936,0.2687074829931973,1.0168304443359375,0.06679511070251465,0.9280093755231876,0.79,0.16188524590163936,0.2687074829931973
121,121,140,1075,0.9255408351500922,0.7727272727272727,0.10625,0.18681318681318682,0.9361429214477539,0.06781172752380371,0.9255408351500922,0.7727272727272727,0.10625,0.18681318681318682
122,122,148,1077,0.9239039139929447,0.7209302325581395,0.06567796610169492,0.12038834951456312,1.5683872699737549,0.06687688827514648,0.9239039139929447,0.7209302325581395,0.06567796610169492,0.12038834951456312
123,123,157,1078,0.9331987211845869,0.7796610169491526,0.19870410367170627,0.3166953528399312,1.2763171195983887,0.0663900375366211,0.9331987211845869,0.7796610169491526,0.19870410367170627,0.3166953528399312
124,124,165,1080,0.9356143603573235,0.7517241379310344,0.23956043956043957,0.36333333333333334,1.0219719409942627,0.06666684150695801,0.9356143603573235,0.7517241379310344,0.23956043956043957,0.36333333333333334
125,125,173,1082,0.932973155495526,0.75,0.16778523489932887,0.27422303473491777,1.334650993347168,0.06666421890258789,0.932973155495526,0.75,0.16778523489932887,0.27422303473491777
126,126,181,1084,0.9399627938440723,0.78,0.26651480637813213,0.39728353140916806,1.2578113079071045,0.06592154502868652,0.9399627938440723,0.78,0.26651480637813213,0.39728353140916806
127,127,190,1085,0.9354565475182111,0.7207207207207207,0.18604651162790697,0.29574861367837335,0.8605833053588867,0.06615519523620605,0.9354565475182111,0.7207207207207207,0.18604651162790697,0.29574861367837335
128,128,197,1088,0.930595621924317,0.6060606060606061,0.09456264775413711,0.16359918200408996,1.600994348526001,0.06627011299133301,0.930595621924317,0.6060606060606061,0.09456264775413711,0.16359918200408996
129,129,203,1092,0.9418663946965834,0.8048780487804879,0.23741007194244604,0.36666666666666664,0.911700963973999,0.06617951393127441,0.9418663946965834,0.8048780487804879,0.23741007194244604,0.36666666666666664
130,130,210,1095,0.9339349565809637,0.6527777777777778,0.11463414634146342,0.1950207468879668,1.4919235706329346,0.06623315811157227,0.9339349565809637,0.6527777777777778,0.11463414634146342,0.1950207468879668
131,131,216,1099,0.9471260446870203,0.8357142857142857,0.2896039603960396,0.43014705882352944,1.5011725425720215,0.136793851852417,0.9471260446870203,0.8357142857142857,0.2896039603960396,0.43014705882352944
132,132,226,1099,0.9487442337262942,0.8357142857142857,0.2969543147208122,0.43820224719101125,1.5993351936340332,0.06577515602111816,0.9487442337262942,0.8357142857142857,0.2969543147208122,0.43820224719101125
133,133,235,1100,0.9476296423070341,0.7025641025641025,0.35584415584415585,0.4724137931034482,1.204615831375122,0.06698131561279297,0.9476296423070341,0.7025641025641025,0.35584415584415585,0.4724137931034482
134,134,242,1103,0.9509686267786731,0.7555555555555555,0.35978835978835977,0.4874551971326164,2.1033775806427,0.06656146049499512,0.9509686267786731,0.7555555555555555,0.35978835978835977,0.4874551971326164
135,135,251,1104,0.9553494762150094,0.8303030303030303,0.3712737127371274,0.5131086142322098,1.327941656112671,0.06476330757141113,0.9553494762150094,0.8303030303030303,0.3712737127371274,0.5131086142322098
136,136,259,1106,0.9516600722518493,0.7985074626865671,0.296398891966759,0.43232323232323233,0.8592641353607178,0.06498980522155762,0.9516600722518493,0.7985074626865671,0.296398891966759,0.43232323232323233
137,137,267,1108,0.9441668102705497,0.6494845360824743,0.17847025495750707,0.27999999999999997,1.2867546081542969,0.06577706336975098,0.9441668102705497,0.6494845360824743,0.17847025495750707,0.27999999999999997
138,138,272,1113,0.9518384256861729,0.8349514563106796,0.2471264367816092,0.3813747228381375,0.8781986236572266,0.06490635871887207,0.9518384256861729,0.8349514563106796,0.2471264367816092,0.3813747228381375
139,139,279,1116,0.9474321286529483,0.7228915662650602,0.17595307917888564,0.28301886792452835,1.2428646087646484,0.064788818359375,0.9474321286529483,0.7228915662650602,0.17595307917888564,0.28301886792452835
140,140,286,1119,0.9589468214100121,0.793939393939394,0.39221556886227543,0.5250501002004008,1.5038657188415527,0.06475281715393066,0.9589468214100121,0.793939393939394,0.39221556886227543,0.5250501002004008
141,141,294,1121,0.9604372722540343,0.831081081081081,0.3773006134969325,0.5189873417721519,1.1751110553741455,0.06581401824951172,0.9604372722540343,0.831081081081081,0.3773006134969325,0.5189873417721519
142,142,303,1122,0.9607161480966452,0.8095238095238095,0.3753943217665615,0.5129310344827586,1.33089280128479,0.06517624855041504,0.9607161480966452,0.8095238095238095,0.3753943217665615,0.5129310344827586
143,143,311,1124,0.9599512449939056,0.8623853211009175,0.3042071197411003,0.4497607655502392,1.3860602378845215,0.06530261039733887,0.9599512449939056,0.8623853211009175,0.3042071197411003,0.4497607655502392
144,144,317,1128,0.960927960927961,0.883495145631068,0.30033003300330036,0.4482758620689656,1.4884436130523682,0.06537985801696777,0.960927960927961,0.883495145631068,0.30033003300330036,0.4482758620689656
145,145,325,1130,0.9659269613838896,0.8731343283582089,0.39661016949152544,0.5454545454545455,1.3696835041046143,0.06522917747497559,0.9659269613838896,0.8731343283582089,0.39661016949152544,0.5454545454545455
146,146,334,1131,0.9649921232277262,0.8583333333333333,0.36013986013986016,0.5073891625615764,2.5833401679992676,0.06405973434448242,0.9649921232277262,0.8583333333333333,0.36013986013986016,0.5073891625615764
147,147,342,1133,0.9663335086796423,0.8909090909090909,0.35251798561151076,0.5051546391752577,0.837583065032959,0.06434273719787598,0.9663335086796423,0.8909090909090909,0.35251798561151076,0.5051546391752577
148,148,351,1134,0.9585455822940453,0.6050955414012739,0.35315985130111527,0.4460093896713615,1.803332805633545,0.06364798545837402,0.9585455822940453,0.6050955414012739,0.35315985130111527,0.4460093896713615
149,149,355,1140,0.9688544782685201,0.8793103448275862,0.3849056603773585,0.5354330708661418,1.5782856941223145,0.06434869766235352,0.9688544782685201,0.8793103448275862,0.3849056603773585,0.5354330708661418
150,150,365,1140,0.9682707562136436,0.8504672897196262,0.3568627450980392,0.5027624309392266,0.7334630489349365,0.0640568733215332,0.9682707562136436,0.8504672897196262,0.3568627450980392,0.5027624309392266
151,151,371,1144,0.9570898816881511,0.6363636363636364,0.05622489959839357,0.10332103321033209,1.4576334953308105,0.06357574462890625,0.9570898816881511,0.6363636363636364,0.05622489959839357,0.10332103321033209
152,152,377,1148,0.970104369361401,0.8854166666666666,0.3497942386831276,0.5014749262536873,1.8805561065673828,0.06337165832519531,0.970104369361401,0.8854166666666666,0.3497942386831276,0.5014749262536873
153,153,385,1150,0.9718234981392876,0.8958333333333334,0.3659574468085106,0.5196374622356495,2.541822671890259,0.06308150291442871,0.9718234981392876,0.8958333333333334,0.3659574468085106,0.5196374622356495
154,154,394,1151,0.9715959524232203,0.9230769230769231,0.3185840707964602,0.4736842105263158,1.126011610031128,0.06280112266540527,0.9715959524232203,0.9230769230769231,0.3185840707964602,0.4736842105263158
155,155,402,1153,0.9726124844389116,0.7711864406779662,0.41743119266055045,0.5416666666666667,1.6785938739776611,0.06325411796569824,0.9726124844389116,0.7711864406779662,0.41743119266055045,0.5416666666666667
156,156,412,1153,0.9730981649741671,0.8701298701298701,0.32211538461538464,0.47017543859649125,1.819464921951294,0.06270599365234375,0.9730981649741671,0.8701298701298701,0.32211538461538464,0.47017543859649125
157,157,421,1154,0.9734071033374978,0.8472222222222222,0.3065326633165829,0.45018450184501846,2.499622344970703,0.06286501884460449,0.9734071033374978,0.8472222222222222,0.3065326633165829,0.45018450184501846
158,158,429,1156,0.9738959413552655,0.9090909090909091,0.2617801047120419,0.4065040650406504,3.403590440750122,0.0634007453918457,0.9738959413552655,0.9090909090909091,0.2617801047120419,0.4065040650406504
159,159,438,1157,0.9749238760523016,0.875,0.2692307692307692,0.411764705882353,1.865967035293579,0.06524038314819336,0.9749238760523016,0.875,0.2692307692307692,0.411764705882353
160,160,447,1158,0.9754171900233267,0.875,0.24277456647398843,0.38009049773755654,1.5415520668029785,0.06359601020812988,0.9754171900233267,0.875,0.24277456647398843,0.38009049773755654
161,161,456,1159,0.9748337228114327,0.8529411764705882,0.17682926829268292,0.29292929292929293,1.4453401565551758,0.062132835388183594,0.9748337228114327,0.8529411764705882,0.17682926829268292,0.29292929292929293
162,162,464,1161,0.9756888168557536,0.8387096774193549,0.16666666666666666,0.27807486631016043,1.8759963512420654,0.062371015548706055,0.9756888168557536,0.8387096774193549,0.16666666666666666,0.27807486631016043
163,163,472,1163,0.9774490348186903,0.9259259259259259,0.16891891891891891,0.2857142857142857,2.213787078857422,0.062073707580566406,0.9774490348186903,0.9259259259259259,0.16891891891891891,0.2857142857142857
164,164,480,1165,0.9772275438279414,0.85,0.12142857142857143,0.2125,2.4562430381774902,0.06177520751953125,0.9772275438279414,0.85,0.12142857142857143,0.2125
165,165,488,1167,0.977729494839761,1.0,0.06818181818181818,0.1276595744680851,1.1960113048553467,0.06207776069641113,0.977729494839761,1.0,0.06818181818181818,0.1276595744680851
166,166,497,1168,0.9766007618356611,0.44642857142857145,0.2032520325203252,0.27932960893854747,1.8012418746948242,0.061702728271484375,0.9766007618356611,0.44642857142857145,0.2032520325203252,0.27932960893854747
167,167,503,1172,0.9792840268944212,0.7142857142857143,0.042735042735042736,0.08064516129032259,1.1639349460601807,0.06158018112182617,0.9792840268944212,0.7142857142857143,0.042735042735042736,0.08064516129032259
168,168,508,1177,0.9799745130165666,0.5333333333333333,0.14285714285714285,0.22535211267605632,1.6054472923278809,0.06141400337219238,0.9799745130165666,0.5333333333333333,0.14285714285714285,0.22535211267605632
169,169,515,1180,0.980667517782236,0.47368421052631576,0.08571428571428572,0.14516129032258066,1.6264967918395996,0.061437368392944336,0.980667517782236,0.47368421052631576,0.08571428571428572,0.14516129032258066
170,170,521,1184,0.9813630549972593,0.2,0.010101010101010102,0.019230769230769232,2.6048951148986816,0.061196327209472656,0.9813630549972593,0.2,0.010101010101010102,0.019230769230769232
171,171,522,1193,0.982061138568552,0.0,0.0,0.0,1.6579344272613525,0.06103181838989258,0.982061138568552,0.0,0.0,0.0
172,172,522,1203,0.982028241335045,0.0,0.0,0.0,2.1489179134368896,0.061310768127441406,0.982028241335045,0.0,0.0,0.0
173,173,522,1213,0.982178945434503,1.0,0.01020408163265306,0.020202020202020204,1.9619410037994385,0.06125140190124512,0.982178945434503,1.0,0.01020408163265306,0.020202020202020204
174,174,523,1222,0.9821461439352107,0.0,0.0,0.0,1.4128308296203613,0.062474727630615234,0.9821461439352107,0.0,0.0,0.0
175,175,523,1232,0.9822976212428545,0.6666666666666666,0.020618556701030927,0.04,1.7880921363830566,0.06109166145324707,0.9822976212428545,0.6666666666666666,0.020618556701030927,0.04
176,176,525,1240,0.9828191391095511,1.0,0.021052631578947368,0.041237113402061855,1.2935547828674316,0.06058907508850098,0.9828191391095511,1.0,0.021052631578947368,0.041237113402061855
177,177,527,1248,0.9827873403664631,0.0,0.0,0.0,3.1995766162872314,0.06151175498962402,0.9827873403664631,0.0,0.0,0.0
178,178,527,1258,0.9827554236973856,0.0,0.0,0.0,2.9663071632385254,0.06056618690490723,0.9827554236973856,0.0,0.0,0.0
179,179,527,1268,0.9830949284785435,0.6666666666666666,0.043010752688172046,0.08080808080808081,1.9514901638031006,0.09770965576171875,0.9830949284785435,0.6666666666666666,0.043010752688172046,0.08080808080808081
180,180,531,1274,0.9759910664433278,0.22972972972972974,0.19101123595505617,0.2085889570552147,2.4771273136138916,0.10239291191101074,0.9759910664433278,0.22972972972972974,0.19101123595505617,0.2085889570552147
181,181,533,1282,0.9835912735409286,0.3333333333333333,0.011494252873563218,0.022222222222222223,3.7904820442199707,0.10851335525512695,0.9835912735409286,0.3333333333333333,0.011494252873563218,0.022222222222222223
182,182,534,1291,0.9839342424808518,0.0,0.0,0.0,3.9073455333709717,0.10433411598205566,0.9839342424808518,0.0,0.0,0.0
183,183,534,1301,0.9839041736851956,0.0,0.0,0.0,2.6108603477478027,0.09518957138061523,0.9839041736851956,0.0,0.0,0.0
184,184,534,1311,0.9838739921245078,0.0,0.0,0.0,4.105137348175049,0.10207056999206543,0.9838739921245078,0.0,0.0,0.0
185,185,534,1321,0.98365583317678,0.3333333333333333,0.011627906976744186,0.02247191011235955,2.4295027256011963,0.10187935829162598,0.98365583317678,0.3333333333333333,0.011627906976744186,0.02247191011235955
186,186,535,1330,0.9838132881611142,0.0,0.0,0.0,2.5422933101654053,0.10193514823913574,0.9838132881611142,0.0,0.0,0.0
187,187,535,1340,0.9839713369790685,0.0,0.0,0.0,2.768124580383301,0.10155463218688965,0.9839713369790685,0.0,0.0,0.0
188,188,535,1350,0.9839410542225581,0.0,0.0,0.0,3.4399774074554443,0.09527111053466797,0.9839410542225581,0.0,0.0,0.0
189,189,535,1360,0.9840999432140829,1.0,0.011764705882352941,0.023255813953488372,2.9798030853271484,0.1000831127166748,0.9840999432140829,1.0,0.011764705882352941,0.023255813953488372
190,190,536,1369,0.9840697894936469,0.0,0.0,0.0,2.9380276203155518,0.10005879402160645,0.9840697894936469,0.0,0.0,0.0
191,191,536,1379,0.9840395211856355,0.0,0.0,0.0,2.483562469482422,0.10101604461669922,0.9840395211856355,0.0,0.0,0.0
192,192,536,1389,0.9840091376356368,0.0,0.0,0.0,2.4092650413513184,0.09906363487243652,0.9840091376356368,0.0,0.0,0.0
193,193,536,1399,0.9839786381842457,0.0,0.0,0.0,2.84855318069458,0.08641529083251953,0.9839786381842457,0.0,0.0,0.0
194,194,536,1409,0.983948022167017,0.0,0.0,0.0,3.1838908195495605,0.12288951873779297,0.983948022167017,0.0,0.0,0.0
195,195,536,1419,0.983917288914417,0.0,0.0,0.0,3.2312092781066895,0.09877657890319824,0.983917288914417,0.0,0.0,0.0
196,196,536,1429,0.9838864377517744,0.0,0.0,0.0,2.9350876808166504,0.11530160903930664,0.9838864377517744,0.0,0.0,0.0
197,197,536,1439,0.9838554679992312,0.0,0.0,0.0,2.949634075164795,0.11743545532226562,0.9838554679992312,0.0,0.0,0.0
198,198,536,1449,0.9838243789716926,0.0,0.0,0.0,4.168130159378052,0.11475682258605957,0.9838243789716926,0.0,0.0,0.0
199,199,536,1459,0.9837931699787767,0.0,0.0,0.0,3.8338699340820312,0.11307787895202637,0.9837931699787767,0.0,0.0,0.0
200,200,536,1469,0.9843417745988788,1.0,0.03571428571428571,0.0689655172413793,4.306224346160889,0.10730719566345215,0.9843417745988788,1.0,0.03571428571428571,0.0689655172413793
201,201,539,1476,0.9843114468332365,0.0,0.0,0.0,3.566145420074463,0.10691642761230469,0.9843114468332365,0.0,0.0,0.0
202,202,539,1486,0.984281001358432,0.0,0.0,0.0,3.3131022453308105,0.09938764572143555,0.984281001358432,0.0,0.0,0.0
203,203,539,1496,0.9844448765312075,1.0,0.012345679012345678,0.024390243902439022,3.1524181365966797,0.11183285713195801,0.9844448765312075,1.0,0.012345679012345678,0.024390243902439022
204,204,540,1505,0.9844145723748295,0.0,0.0,0.0,3.3391294479370117,0.0971519947052002,0.9844145723748295,0.0,0.0,0.0
205,205,540,1515,0.9843841499121608,0.0,0.0,0.0,3.8053572177886963,0.09784770011901855,0.9843841499121608,0.0,0.0,0.0
206,206,540,1525,0.9843536084490514,0.0,0.0,0.0,2.5413479804992676,0.09596395492553711,0.9843536084490514,0.0,0.0,0.0
207,207,540,1535,0.9843229472859103,0.5,0.0125,0.02439024390243903,3.468036651611328,0.09341287612915039,0.9843229472859103,0.5,0.0125,0.02439024390243903
208,208,541,1544,0.9844885136461811,0.0,0.0,0.0,3.0470497608184814,0.09563875198364258,0.9844885136461811,0.0,0.0,0.0
209,209,541,1554,0.984457997245721,0.0,0.0,0.0,4.347978591918945,0.0938720703125,0.984457997245721,0.0,0.0,0.0
210,210,541,1564,0.9844273605361719,0.0,0.0,0.0,3.0653843879699707,0.09566879272460938,0.9844273605361719,0.0,0.0,0.0
211,211,541,1574,0.9843966028046612,0.0,0.0,0.0,3.4848592281341553,0.11141228675842285,0.9843966028046612,0.0,0.0,0.0
212,212,541,1584,0.9843657233326737,0.0,0.0,0.0,3.651104211807251,0.09912586212158203,0.9843657233326737,0.0,0.0,0.0
213,213,541,1594,0.9843347213959944,0.0,0.0,0.0,3.69921612739563,0.09304380416870117,0.9843347213959944,0.0,0.0,0.0
214,214,541,1604,0.9843035962646532,0.0,0.0,0.0,2.59251070022583,0.09577608108520508,0.9843035962646532,0.0,0.0,0.0
215,215,541,1614,0.9840732629902449,0.0,0.0,0.0,2.7939000129699707,0.10961246490478516,0.9840732629902449,0.0,0.0,0.0
216,216,541,1624,0.9842409734689807,0.0,0.0,0.0,2.9470958709716797,0.09479570388793945,0.9842409734689807,0.0,0.0,0.0
217,217,541,1634,0.9842094743154107,0.0,0.0,0.0,2.901167392730713,0.10884594917297363,0.9842094743154107,0.0,0.0,0.0
218,218,541,1644,0.9839775685960345,0.0,0.0,0.0,3.9441747665405273,0.0944967269897461,0.9839775685960345,0.0,0.0,0.0
219,219,541,1654,0.9841460967288782,0.0,0.0,0.0,3.3511455059051514,0.09399104118347168,0.9841460967288782,0.0,0.0,0.0
220,220,541,1664,0.984114216770561,0.0,0.0,0.0,4.016990661621094,0.09314179420471191,0.984114216770561,0.0,0.0,0.0
221,221,541,1674,0.9840822083417288,0.0,0.0,0.0,5.861037015914917,0.09311223030090332,0.9840822083417288,0.0,0.0,0.0
222,222,541,1684,0.9834443771451645,0.2,0.012658227848101266,0.023809523809523808,4.721224069595337,0.09400773048400879,0.9834443771451645,0.2,0.012658227848101266,0.023809523809523808
223,223,542,1693,0.9842201092453975,0.0,0.0,0.0,2.534985065460205,0.09584951400756836,0.9842201092453975,0.0,0.0,0.0
224,224,542,1703,0.9833772552199473,0.16666666666666666,0.01282051282051282,0.023809523809523808,5.96062159538269,0.10811948776245117,0.9833772552199473,0.16666666666666666,0.01282051282051282,0.023809523809523808
225,225,543,1712,0.9845622587852935,1.0,0.012987012987012988,0.025641025641025647,2.3716094493865967,0.10150551795959473,0.9845622587852935,1.0,0.012987012987012988,0.025641025641025647
226,226,544,1721,0.9837166700590271,0.0,0.0,0.0,3.5305604934692383,0.09273886680603027,0.9837166700590271,0.0,0.0,0.0
227,227,544,1731,0.9844992861513359,0.0,0.0,0.0,3.102882146835327,0.09062504768371582,0.9844992861513359,0.0,0.0,0.0
228,228,544,1741,0.9844676067852034,0.0,0.0,0.0,3.633678674697876,0.0900719165802002,0.9844676067852034,0.0,0.0,0.0
229,229,544,1751,0.9844357976653697,0.0,0.0,0.0,2.427638530731201,0.09238338470458984,0.9844357976653697,0.0,0.0,0.0
230,230,544,1761,0.9844038579930228,0.0,0.0,0.0,2.843285322189331,0.09873151779174805,0.9844038579930228,0.0,0.0,0.0
231,231,544,1771,0.9843717869627802,0.0,0.0,0.0,6.6037516593933105,0.09166383743286133,0.9843717869627802,0.0,0.0,0.0
232,232,544,1781,0.9843395837626211,0.0,0.0,0.0,3.8731768131256104,0.09203529357910156,0.9843395837626211,0.0,0.0,0.0
233,233,544,1791,0.9843072475738179,0.0,0.0,0.0,2.675161361694336,0.09163475036621094,0.9843072475738179,0.0,0.0,0.0
234,234,544,1801,0.984274777570867,0.0,0.0,0.0,3.976461410522461,0.09623289108276367,0.984274777570867,0.0,0.0,0.0
235,235,544,1811,0.9842421729214182,0.0,0.0,0.0,3.635193109512329,0.09549188613891602,0.9842421729214182,0.0,0.0,0.0
236,236,544,1821,0.984209432786204,0.0,0.0,0.0,6.469209671020508,0.09557676315307617,0.984209432786204,0.0,0.0,0.0
237,237,544,1831,0.9841765563189673,0.0,0.0,0.0,2.6483778953552246,0.09458041191101074,0.9841765563189673,0.0,0.0,0.0
238,238,544,1841,0.9841435426663885,0.0,0.0,0.0,5.839988470077515,0.08911681175231934,0.9841435426663885,0.0,0.0,0.0
239,239,544,1851,0.9843194647710641,1.0,0.013157894736842105,0.025974025974025976,4.2516560554504395,0.08795595169067383,0.9843194647710641,1.0,0.013157894736842105,0.025974025974025976
240,240,545,1860,0.9842866121935889,0.0,0.0,0.0,3.4830830097198486,0.09009957313537598,0.9842866121935889,0.0,0.0,0.0
241,241,545,1870,0.9842536216670166,0.0,0.0,0.0,3.622554302215576,0.10456585884094238,0.9842536216670166,0.0,0.0,0.0
242,242,545,1880,0.9842204923206396,0.0,0.0,0.0,4.000194787979126,0.08860349655151367,0.9842204923206396,0.0,0.0,0.0
243,243,545,1890,0.9841872232764073,0.0,0.0,0.0,2.844728946685791,0.08764004707336426,0.9841872232764073,0.0,0.0,0.0
244,244,545,1900,0.9841538136488485,0.0,0.0,0.0,3.8718268871307373,0.0890507698059082,0.9841538136488485,0.0,0.0,0.0
245,245,545,1910,0.9841202625449926,0.5,0.013333333333333334,0.025974025974025976,3.0372109413146973,0.08654212951660156,0.9841202625449926,0.5,0.013333333333333334,0.025974025974025976
246,246,546,1919,0.9842987481434331,0.0,0.0,0.0,3.397024393081665,0.0961611270904541,0.9842987481434331,0.0,0.0,0.0
247,247,546,1929,0.9842653625345524,0.0,0.0,0.0,3.045300006866455,0.08934211730957031,0.9842653625345524,0.0,0.0,0.0
248,248,546,1939,0.9842318346473471,0.0,0.0,0.0,3.2589221000671387,0.09990930557250977,0.9842318346473471,0.0,0.0,0.0
249,249,546,1949,0.9841981635703608,0.0,0.0,0.0,3.2840960025787354,0.08871054649353027,0.9841981635703608,0.0,0.0,0.0
250,250,546,1959,0.9841643483843355,0.0,0.0,0.0,3.6828317642211914,0.08812928199768066,0.9841643483843355,0.0,0.0,0.0
251,251,546,1969,0.9841303881621274,0.0,0.0,0.0,2.88985276222229,0.08548903465270996,0.9841303881621274,0.0,0.0,0.0
252,252,546,1979,0.9840962819686224,0.0,0.0,0.0,5.921173572540283,0.0875403881072998,0.9840962819686224,0.0,0.0,0.0
253,253,546,1989,0.9840620288606504,0.0,0.0,0.0,5.49245285987854,0.08754372596740723,0.9840620288606504,0.0,0.0,0.0
254,254,546,1999,0.9840276278868983,0.0,0.0,0.0,4.522876262664795,0.08607125282287598,0.9840276278868983,0.0,0.0,0.0
255,255,546,2009,0.9839930780878218,0.0,0.0,0.0,4.508108139038086,0.08763861656188965,0.9839930780878218,0.0,0.0,0.0
256,256,546,2019,0.983958378495556,0.0,0.0,0.0,4.3724260330200195,0.08239603042602539,0.983958378495556,0.0,0.0,0.0
257,257,546,2029,0.9839235281338258,0.0,0.0,0.0,3.441448926925659,0.09058022499084473,0.9839235281338258,0.0,0.0,0.0
258,258,546,2039,0.9838885260178533,0.0,0.0,0.0,7.024564266204834,0.08675193786621094,0.9838885260178533,0.0,0.0,0.0
259,259,546,2049,0.9838533711542657,0.0,0.0,0.0,5.23057746887207,0.08853292465209961,0.9838533711542657,0.0,0.0,0.0
260,260,546,2059,0.9840367373715285,1.0,0.013513513513513514,0.026666666666666665,3.4363014698028564,0.08615446090698242,0.9840367373715285,1.0,0.013513513513513514,0.026666666666666665
261,261,547,2068,0.9840017532325225,0.0,0.0,0.0,4.470803499221802,0.08420252799987793,0.9840017532325225,0.0,0.0,0.0
262,262,547,2078,0.9839666154184055,0.0,0.0,0.0,3.1074721813201904,0.0860757827758789,0.9839666154184055,0.0,0.0,0.0
263,263,547,2088,0.9839313229143738,0.0,0.0,0.0,5.207754850387573,0.08456611633300781,0.9839313229143738,0.0,0.0,0.0
264,264,547,2098,0.9838958746966688,0.0,0.0,0.0,2.8510355949401855,0.08569073677062988,0.9838958746966688,0.0,0.0,0.0
265,265,547,2108,0.9838602697324784,0.0,0.0,0.0,4.311709642410278,0.0880429744720459,0.9838602697324784,0.0,0.0,0.0
266,266,547,2118,0.983824506979836,0.0,0.0,0.0,7.223400115966797,0.08538079261779785,0.983824506979836,0.0,0.0,0.0
267,267,547,2128,0.9837885853875195,0.0,0.0,0.0,4.4786059856414795,0.08501315116882324,0.9837885853875195,0.0,0.0,0.0
268,268,547,2138,0.9837525038949477,0.0,0.0,0.0,3.7288691997528076,0.08499598503112793,0.9837525038949477,0.0,0.0,0.0
269,269,547,2148,0.9837162614320767,0.0,0.0,0.0,5.37644100189209,0.08463907241821289,0.9837162614320767,0.0,0.0,0.0
270,270,547,2158,0.9836798569192935,0.0,0.0,0.0,4.233561277389526,0.08892345428466797,0.9836798569192935,0.0,0.0,0.0
271,271,547,2168,0.983643289267309,0.0,0.0,0.0,3.582815170288086,0.10009956359863281,0.983643289267309,0.0,0.0,0.0
272,272,547,2178,0.9836065573770492,0.0,0.0,0.0,8.226776838302612,0.0828094482421875,0.9836065573770492,0.0,0.0,0.0
273,273,547,2188,0.9842448795858654,1.0,0.0410958904109589,0.07894736842105263,3.270472764968872,0.08858895301818848,0.9842448795858654,1.0,0.0410958904109589,0.07894736842105263
274,274,550,2195,0.9842093390480487,0.0,0.0,0.0,3.6157991886138916,0.08424496650695801,0.9842093390480487,0.0,0.0,0.0
275,275,550,2205,0.9841736378023965,0.0,0.0,0.0,4.954077482223511,0.08178281784057617,0.9841736378023965,0.0,0.0,0.0
276,276,550,2215,0.9841377747564015,0.0,0.0,0.0,3.7912886142730713,0.08331656455993652,0.9841377747564015,0.0,0.0,0.0
277,277,550,2225,0.9841017488076311,0.0,0.0,0.0,3.739074230194092,0.08298468589782715,0.9841017488076311,0.0,0.0,0.0
278,278,550,2235,0.9840655588436148,0.0,0.0,0.0,3.6590185165405273,0.08118915557861328,0.9840655588436148,0.0,0.0,0.0
279,279,550,2245,0.9840292037417294,0.0,0.0,0.0,3.6313724517822266,0.0879209041595459,0.9840292037417294,0.0,0.0,0.0
280,280,550,2255,0.983992682369083,0.0,0.0,0.0,5.231765508651733,0.08971548080444336,0.983992682369083,0.0,0.0,0.0
281,281,550,2265,0.9839559935823974,0.0,0.0,0.0,7.002639055252075,0.08090782165527344,0.9839559935823974,0.0,0.0,0.0
282,282,550,2275,0.9839191362278888,0.0,0.0,0.0,6.389638423919678,0.08202528953552246,0.9839191362278888,0.0,0.0,0.0
283,283,550,2285,0.9838821091411467,0.0,0.0,0.0,3.880225658416748,0.08219671249389648,0.9838821091411467,0.0,0.0,0.0
284,284,550,2295,0.9838449111470113,0.0,0.0,0.0,5.494469881057739,0.08161759376525879,0.9838449111470113,0.0,0.0,0.0
285,285,550,2305,0.9838075410594495,0.0,0.0,0.0,4.440474510192871,0.0791168212890625,0.9838075410594495,0.0,0.0,0.0
286,286,550,2315,0.9837699976814283,0.0,0.0,0.0,4.898061990737915,0.08603692054748535,0.9837699976814283,0.0,0.0,0.0
287,287,550,2325,0.9837322798047874,0.0,0.0,0.0,3.034630060195923,0.0807030200958252,0.9837322798047874,0.0,0.0,0.0
288,288,550,2335,0.9834614488702539,0.0,0.0,0.0,4.1575610637664795,0.08118462562561035,0.9834614488702539,0.0,0.0,0.0
289,289,550,2345,0.9836563156665888,0.0,0.0,0.0,3.8093221187591553,0.08147025108337402,0.9836563156665888,0.0,0.0,0.0
290,290,550,2355,0.983618066931898,0.0,0.0,0.0,4.097356081008911,0.08130073547363281,0.983618066931898,0.0,0.0,0.0
291,291,550,2365,0.9835796387520526,0.0,0.0,0.0,7.728717565536499,0.08092474937438965,0.9835796387520526,0.0,0.0,0.0
292,292,550,2375,0.9835410298612743,0.0,0.0,0.0,6.684750080108643,0.08217549324035645,0.9835410298612743,0.0,0.0,0.0
293,293,550,2385,0.9835022389818525,0.0,0.0,0.0,5.026849985122681,0.07921290397644043,0.9835022389818525,0.0,0.0,0.0
294,294,550,2395,0.9834632648240019,0.0,0.0,0.0,4.339215040206909,0.07888531684875488,0.9834632648240019,0.0,0.0,0.0
295,295,550,2405,0.9834241060857211,0.0,0.0,0.0,5.753568172454834,0.07993149757385254,0.9834241060857211,0.0,0.0,0.0
296,296,550,2415,0.9833847614526465,0.0,0.0,0.0,4.570827960968018,0.08292412757873535,0.9833847614526465,0.0,0.0,0.0
297,297,550,2425,0.9833452295979063,0.0,0.0,0.0,3.9586198329925537,0.09096837043762207,0.9833452295979063,0.0,0.0,0.0
298,298,550,2435,0.9833055091819699,0.0,0.0,0.0,3.402930498123169,0.084808349609375,0.9833055091819699,0.0,0.0,0.0
299,299,550,2445,0.9832655988524982,0.0,0.0,0.0,3.581343173980713,0.07965469360351562,0.9832655988524982,0.0,0.0,0.0
300,300,550,2455,0.9832254972441888,0.0,0.0,0.0,3.720000743865967,0.08935046195983887,0.9832254972441888,0.0,0.0,0.0
301,301,550,2465,0.9831852029786212,0.0,0.0,0.0,6.281502723693848,0.07633519172668457,0.9831852029786212,0.0,0.0,0.0
302,302,550,2475,0.9831447146640983,0.0,0.0,0.0,4.1982245445251465,0.07736611366271973,0.9831447146640983,0.0,0.0,0.0
303,303,550,2485,0.9831040308954864,0.0,0.0,0.0,3.6876354217529297,0.0788886547088623,0.9831040308954864,0.0,0.0,0.0
304,304,550,2495,0.9830631502540528,0.0,0.0,0.0,5.108035326004028,0.07846379280090332,0.9830631502540528,0.0,0.0,0.0
305,305,550,2505,0.9830220713073005,0.0,0.0,0.0,4.4342803955078125,0.08060550689697266,0.9830220713073005,0.0,0.0,0.0
306,306,550,2515,0.9829807926088013,0.0,0.0,0.0,3.378095865249634,0.07667684555053711,0.9829807926088013,0.0,0.0,0.0
307,307,550,2525,0.9829393126980258,0.0,0.0,0.0,4.77250862121582,0.07520484924316406,0.9829393126980258,0.0,0.0,0.0
308,308,550,2535,0.9828976301001711,0.0,0.0,0.0,3.691209316253662,0.07716083526611328,0.9828976301001711,0.0,0.0,0.0
309,309,550,2545,0.9828557433259858,0.0,0.0,0.0,4.519377946853638,0.0756688117980957,0.9828557433259858,0.0,0.0,0.0
310,310,550,2555,0.9828136508715934,0.0,0.0,0.0,5.320534706115723,0.08927106857299805,0.9828136508715934,0.0,0.0,0.0
311,311,550,2565,0.9827713512183116,0.0,0.0,0.0,3.7559571266174316,0.08266186714172363,0.9827713512183116,0.0,0.0,0.0
312,312,550,2575,0.9827288428324698,0.0,0.0,0.0,5.4875922203063965,0.07511591911315918,0.9827288428324698,0.0,0.0,0.0
313,313,550,2585,0.9826861241652238,0.0,0.0,0.0,5.666250944137573,0.07436847686767578,0.9826861241652238,0.0,0.0,0.0
314,314,550,2595,0.982643193652368,0.0,0.0,0.0,4.081208944320679,0.07429146766662598,0.982643193652368,0.0,0.0,0.0
315,315,550,2605,0.9826000497141437,0.0,0.0,0.0,3.948561668395996,0.08070707321166992,0.9826000497141437,0.0,0.0,0.0
316,316,550,2615,0.9825566907550461,0.0,0.0,0.0,3.42891788482666,0.07425212860107422,0.9825566907550461,0.0,0.0,0.0
317,317,550,2625,0.9825131151636273,0.0,0.0,0.0,3.324152708053589,0.07614946365356445,0.9825131151636273,0.0,0.0,0.0
318,318,550,2635,0.9824693213122965,0.0,0.0,0.0,3.450361728668213,0.07821798324584961,0.9824693213122965,0.0,0.0,0.0
319,319,550,2645,0.9824253075571178,0.0,0.0,0.0,18.64485216140747,0.08292555809020996,0.9824253075571178,0.0,0.0,0.0
320,320,550,2655,0.9838912660458092,0.875,0.1,0.17948717948717952,5.1054463386535645,0.2150735855102539,0.9838912660458092,0.875,0.1,0.17948717948717952
321,321,557,2658,0.9841029523088569,0.0,0.0,0.0,3.9597606658935547,0.07856369018554688,0.9841029523088569,0.0,0.0,0.0
322,322,557,2668,0.9840627371616494,0.0,0.0,0.0,4.413135051727295,0.07340836524963379,0.9840627371616494,0.0,0.0,0.0
323,323,557,2678,0.9840223180319554,0.0,0.0,0.0,3.208939790725708,0.07364583015441895,0.9840223180319554,0.0,0.0,0.0
324,324,557,2688,0.9839816933638444,0.0,0.0,0.0,8.712204694747925,0.07311487197875977,0.9839816933638444,0.0,0.0,0.0
325,325,557,2698,0.9839408615855213,0.0,0.0,0.0,9.704673290252686,0.08212161064147949,0.9839408615855213,0.0,0.0,0.0
326,326,557,2708,0.9838998211091234,0.0,0.0,0.0,3.2826590538024902,0.07346463203430176,0.9838998211091234,0.0,0.0,0.0
327,327,557,2718,0.9838585703305149,0.0,0.0,0.0,3.5896570682525635,0.0769803524017334,0.9838585703305149,0.0,0.0,0.0
328,328,557,2728,0.9838171076290778,0.0,0.0,0.0,6.033391237258911,0.07047820091247559,0.9838171076290778,0.0,0.0,0.0
329,329,557,2738,0.9837754313674993,0.0,0.0,0.0,27.038180828094482,0.07164621353149414,0.9837754313674993,0.0,0.0,0.0
330,330,557,2748,0.9845081332300543,0.7142857142857143,0.07936507936507936,0.14285714285714282,4.7097625732421875,0.3673360347747803,0.9845081332300543,0.7142857142857143,0.07936507936507936,0.14285714285714282
331,331,562,2753,0.9849857623608594,0.0,0.0,0.0,6.007520914077759,0.07470059394836426,0.9849857623608594,0.0,0.0,0.0
332,332,562,2763,0.9849467947054243,0.0,0.0,0.0,5.319158554077148,0.07263970375061035,0.9849467947054243,0.0,0.0,0.0
333,333,562,2773,0.9849076242518865,0.0,0.0,0.0,5.92161750793457,0.07400894165039062,0.9849076242518865,0.0,0.0,0.0
334,334,562,2783,0.9848682494129924,0.0,0.0,0.0,5.170292139053345,0.07063937187194824,0.9848682494129924,0.0,0.0,0.0
335,335,562,2793,0.9848286685848809,0.0,0.0,0.0,7.506994247436523,0.0745398998260498,0.9848286685848809,0.0,0.0,0.0
336,336,562,2803,0.9847888801468659,0.0,0.0,0.0,6.7077977657318115,0.08338236808776855,0.9847888801468659,0.0,0.0,0.0
337,337,562,2813,0.9847488824612148,0.0,0.0,0.0,4.867732286453247,0.07452654838562012,0.9847488824612148,0.0,0.0,0.0
338,338,562,2823,0.9847086738729238,0.0,0.0,0.0,6.443477630615234,0.07828140258789062,0.9847086738729238,0.0,0.0,0.0
339,339,562,2833,0.9846682527094899,0.0,0.0,0.0,7.031204462051392,0.07182669639587402,0.9846682527094899,0.0,0.0,0.0
340,340,562,2843,0.9846276172806785,0.0,0.0,0.0,8.461709022521973,0.0724799633026123,0.9846276172806785,0.0,0.0,0.0
341,341,562,2853,0.9845867658782886,0.0,0.0,0.0,3.5625827312469482,0.07083535194396973,0.9845867658782886,0.0,0.0,0.0
342,342,562,2863,0.9845456967759126,0.0,0.0,0.0,3.3014209270477295,0.07297182083129883,0.9845456967759126,0.0,0.0,0.0
343,343,562,2873,0.9845044082286936,0.0,0.0,0.0,5.4940290451049805,0.07097554206848145,0.9845044082286936,0.0,0.0,0.0
344,344,562,2883,0.984462898473078,0.0,0.0,0.0,4.899113416671753,0.06901264190673828,0.984462898473078,0.0,0.0,0.0
345,345,562,2893,0.9844211657265646,0.0,0.0,0.0,10.477867603302002,0.07019710540771484,0.9844211657265646,0.0,0.0,0.0
346,346,562,2903,0.9843792081874495,0.0,0.0,0.0,5.828195571899414,0.06843900680541992,0.9843792081874495,0.0,0.0,0.0
347,347,562,2913,0.9843370240345666,0.0,0.0,0.0,4.625554800033569,0.0693213939666748,0.9843370240345666,0.0,0.0,0.0
348,348,562,2923,0.9842946114270241,0.0,0.0,0.0,9.406713008880615,0.06811332702636719,0.9842946114270241,0.0,0.0,0.0
349,349,562,2933,0.984251968503937,0.0,0.0,0.0,4.698353052139282,0.06837892532348633,0.984251968503937,0.0,0.0,0.0
350,350,562,2943,0.9842090933841546,0.0,0.0,0.0,5.648773193359375,0.06866741180419922,0.9842090933841546,0.0,0.0,0.0
351,351,562,2953,0.9841659841659842,0.0,0.0,0.0,3.9538466930389404,0.07175874710083008,0.9841659841659842,0.0,0.0,0.0
352,352,562,2963,0.9841226389269094,0.0,0.0,0.0,5.903465270996094,0.06874489784240723,0.9841226389269094,0.0,0.0,0.0
353,353,562,2973,0.984079055723305,0.0,0.0,0.0,3.562093496322632,0.07313060760498047,0.984079055723305,0.0,0.0,0.0
354,354,562,2983,0.9840352325901459,0.0,0.0,0.0,6.031239748001099,0.06723141670227051,0.9840352325901459,0.0,0.0,0.0
355,355,562,2993,0.9839911675407121,0.0,0.0,0.0,5.654307842254639,0.07915449142456055,0.9839911675407121,0.0,0.0,0.0
356,356,562,3003,0.9839468585662884,0.0,0.0,0.0,4.913466453552246,0.07340860366821289,0.9839468585662884,0.0,0.0,0.0
357,357,562,3013,0.983902303635859,0.0,0.0,0.0,3.724268674850464,0.06639432907104492,0.983902303635859,0.0,0.0,0.0
358,358,562,3023,0.9838575006957974,0.0,0.0,0.0,25.801605224609375,0.06623959541320801,0.9838575006957974,0.0,0.0,0.0
359,359,562,3033,0.984091543399386,1.0,0.017241379310344827,0.03389830508474576,4.465058326721191,0.3297007083892822,0.984091543399386,1.0,0.017241379310344827,0.03389830508474576
360,360,563,3042,0.984047019311503,0.0,0.0,0.0,8.678220748901367,0.06839251518249512,0.984047019311503,0.0,0.0,0.0
361,361,563,3052,0.9840022452989055,0.0,0.0,0.0,3.7511870861053467,0.07751345634460449,0.9840022452989055,0.0,0.0,0.0
362,362,563,3062,0.983957219251337,0.0,0.0,0.0,4.3618505001068115,0.07778239250183105,0.983957219251337,0.0,0.0,0.0
363,363,563,3072,0.9839119390347163,0.0,0.0,0.0,4.208786725997925,0.06925272941589355,0.9839119390347163,0.0,0.0,0.0
364,364,563,3082,0.983866402490801,0.0,0.0,0.0,4.123551607131958,0.06415462493896484,0.983866402490801,0.0,0.0,0.0
365,365,563,3092,0.9838206074368436,0.0,0.0,0.0,7.773435831069946,0.06512618064880371,0.9838206074368436,0.0,0.0,0.0
366,366,563,3102,0.9837745516652434,0.0,0.0,0.0,4.947129011154175,0.06630349159240723,0.9837745516652434,0.0,0.0,0.0
367,367,563,3112,0.9837282329431916,0.0,0.0,0.0,5.6978020668029785,0.06528687477111816,0.9837282329431916,0.0,0.0,0.0
368,368,563,3122,0.9836816490123104,0.0,0.0,0.0,4.892086744308472,0.06458306312561035,0.9836816490123104,0.0,0.0,0.0
369,369,563,3132,0.983634797588286,0.0,0.0,0.0,5.67791485786438,0.06618428230285645,0.983634797588286,0.0,0.0,0.0
370,370,563,3142,0.9835876763604953,0.0,0.0,0.0,5.655747652053833,0.06454586982727051,0.9835876763604953,0.0,0.0,0.0
371,371,563,3152,0.9835402829916258,0.0,0.0,0.0,11.278593063354492,0.0684964656829834,0.9835402829916258,0.0,0.0,0.0
372,372,563,3162,0.9834926151172894,0.0,0.0,0.0,8.47120213508606,0.06496453285217285,0.9834926151172894,0.0,0.0,0.0
373,373,563,3172,0.9834446703456288,0.0,0.0,0.0,3.8115949630737305,0.07777953147888184,0.9834446703456288,0.0,0.0,0.0
374,374,563,3182,0.9833964462569181,0.0,0.0,0.0,2.7342493534088135,0.0396883487701416,0.9833964462569181,0.0,0.0,0.0
375,375,563,3192,0.9833479404031551,0.0,0.0,0.0,7.638910293579102,0.04778647422790527,0.9833479404031551,0.0,0.0,0.0
376,376,563,3202,0.9832991503076473,0.0,0.0,0.0,7.936996936798096,0.06881427764892578,0.9832991503076473,0.0,0.0,0.0
377,377,563,3212,0.98325007346459,0.0,0.0,0.0,4.846499919891357,0.06471991539001465,0.98325007346459,0.0,0.0,0.0
378,378,563,3222,0.9832007073386384,0.0,0.0,0.0,3.760097026824951,0.06925821304321289,0.9832007073386384,0.0,0.0,0.0
379,379,563,3232,0.9831510493644694,0.0,0.0,0.0,3.117687940597534,0.03866839408874512,0.9831510493644694,0.0,0.0,0.0
380,380,563,3242,0.9831010969463386,0.0,0.0,0.0,4.442014217376709,0.03992009162902832,0.9831010969463386,0.0,0.0,0.0
381,381,563,3252,0.9830508474576272,0.0,0.0,0.0,2.934800624847412,0.03939557075500488,0.9830508474576272,0.0,0.0,0.0
382,382,563,3262,0.9830002982403817,0.0,0.0,0.0,3.25170636177063,0.03938460350036621,0.9830002982403817,0.0,0.0,0.0
383,383,563,3272,0.982949446604846,0.0,0.0,0.0,31.298686981201172,0.03828167915344238,0.982949446604846,0.0,0.0,0.0
384,384,563,3282,0.9822982298229823,0.25,0.017543859649122806,0.03278688524590164,3.670053482055664,0.27593183517456055,0.9822982298229823,0.25,0.017543859649122806,0.03278688524590164
385,385,564,3291,0.9831477580499549,0.0,0.0,0.0,4.178261995315552,0.038465023040771484,0.9831477580499549,0.0,0.0,0.0
386,386,564,3301,0.9830968910353154,0.0,0.0,0.0,7.885902166366577,0.04829716682434082,0.9830968910353154,0.0,0.0,0.0
387,387,564,3311,0.9830457160157433,0.0,0.0,0.0,4.76200270652771,0.03785347938537598,0.9830457160157433,0.0,0.0,0.0
388,388,564,3321,0.9829942301852415,0.0,0.0,0.0,3.972750663757324,0.03789377212524414,0.9829942301852415,0.0,0.0,0.0
389,389,564,3331,0.9829424307036247,0.0,0.0,0.0,5.013724327087402,0.03738594055175781,0.9829424307036247,0.0,0.0,0.0
390,390,564,3341,0.9828903146959975,0.0,0.0,0.0,3.456529140472412,0.03773903846740723,0.9828903146959975,0.0,0.0,0.0
391,391,564,3351,0.9828378792522219,0.0,0.0,0.0,2.971867084503174,0.03759646415710449,0.9828378792522219,0.0,0.0,0.0
392,392,564,3361,0.9827851214263756,0.0,0.0,0.0,2.5580005645751953,0.03693580627441406,0.9827851214263756,0.0,0.0,0.0
393,393,564,3371,0.982732038236201,0.0,0.0,0.0,4.122781038284302,0.03704714775085449,0.982732038236201,0.0,0.0,0.0
394,394,564,3381,0.9826786266625426,0.0,0.0,0.0,2.8369593620300293,0.03711366653442383,0.9826786266625426,0.0,0.0,0.0
395,395,564,3391,0.9826248836487744,0.0,0.0,0.0,3.724217176437378,0.03670191764831543,0.9826248836487744,0.0,0.0,0.0
396,396,564,3401,0.9825708061002179,0.0,0.0,0.0,3.778857707977295,0.03656744956970215,0.9825708061002179,0.0,0.0,0.0
397,397,564,3411,0.9825163908835467,0.0,0.0,0.0,3.4080052375793457,0.03673505783081055,0.9825163908835467,0.0,0.0,0.0
398,398,564,3421,0.9824616348261823,0.0,0.0,0.0,3.1554274559020996,0.03686094284057617,0.9824616348261823,0.0,0.0,0.0
399,399,564,3431,0.9824065347156771,0.0,0.0,0.0,3.132148027420044,0.0367887020111084,0.9824065347156771,0.0,0.0,0.0
400,400,564,3441,0.982351087299086,0.0,0.0,0.0,3.1299636363983154,0.03652453422546387,0.982351087299086,0.0,0.0,0.0
401,401,564,3451,0.9822952892823269,0.0,0.0,0.0,4.36957573890686,0.0359501838684082,0.9822952892823269,0.0,0.0,0.0
402,402,564,3461,0.9822391373295274,0.0,0.0,0.0,20.137115716934204,0.03581118583679199,0.9822391373295274,0.0,0.0,0.0
403,403,564,3471,0.9821826280623608,0.0,0.0,0.0,3.7043678760528564,0.26143956184387207,0.9821826280623608,0.0,0.0,0.0
404,404,564,3481,0.982125758059368,0.0,0.0,0.0,3.6610889434814453,0.037920475006103516,0.982125758059368,0.0,0.0,0.0
405,405,564,3491,0.9820685238552673,0.0,0.0,0.0,3.491698741912842,0.03579854965209961,0.9820685238552673,0.0,0.0,0.0
406,406,564,3501,0.9820109219402505,0.0,0.0,0.0,3.677564859390259,0.03544259071350098,0.9820109219402505,0.0,0.0,0.0
407,407,564,3511,0.9819529487592652,0.0,0.0,0.0,36.195701360702515,0.03546881675720215,0.9819529487592652,0.0,0.0,0.0
408,408,564,3521,0.9818946007112835,0.0,0.0,0.0,3.9011220932006836,0.43146777153015137,0.9818946007112835,0.0,0.0,0.0
409,409,564,3531,0.9818358741485566,0.0,0.0,0.0,3.480691432952881,0.03547024726867676,0.9818358741485566,0.0,0.0,0.0
410,410,564,3541,0.9817767653758542,0.0,0.0,0.0,2.415663242340088,0.035402774810791016,0.9817767653758542,0.0,0.0,0.0
411,411,564,3551,0.9817172706496898,0.0,0.0,0.0,5.044381856918335,0.03512740135192871,0.9817172706496898,0.0,0.0,0.0
412,412,564,3561,0.9816573861775303,0.0,0.0,0.0,4.831121921539307,0.034717559814453125,0.9816573861775303,0.0,0.0,0.0
413,413,564,3571,0.9815971081169899,0.0,0.0,0.0,5.5715415477752686,0.03500103950500488,0.9815971081169899,0.0,0.0,0.0
414,414,564,3581,0.9815364325750082,0.0,0.0,0.0,2.556556224822998,0.03760385513305664,0.9815364325750082,0.0,0.0,0.0
415,415,564,3591,0.9814753556070129,0.0,0.0,0.0,5.723091125488281,0.034500837326049805,0.9814753556070129,0.0,0.0,0.0
416,416,564,3601,0.9814138732160638,0.0,0.0,0.0,3.829113006591797,0.03397178649902344,0.9814138732160638,0.0,0.0,0.0
417,417,564,3611,0.9813519813519813,0.0,0.0,0.0,3.7894790172576904,0.0343170166015625,0.9813519813519813,0.0,0.0,0.0
418,418,564,3621,0.9812896759104577,0.0,0.0,0.0,4.095545530319214,0.034424543380737305,0.9812896759104577,0.0,0.0,0.0
419,419,564,3631,0.9812269527321489,0.0,0.0,0.0,2.736389636993408,0.034165382385253906,0.9812269527321489,0.0,0.0,0.0
420,420,564,3641,0.981163807601749,0.0,0.0,0.0,4.441699266433716,0.034557342529296875,0.981163807601749,0.0,0.0,0.0
421,421,564,3651,0.9811002362470469,0.0,0.0,0.0,3.801015853881836,0.03428983688354492,0.9811002362470469,0.0,0.0,0.0
422,422,564,3661,0.9817135116830342,0.75,0.05357142857142857,0.09999999999999999,12.814403057098389,0.03384852409362793,0.9817135116830342,0.75,0.05357142857142857,0.09999999999999999
423,423,567,3668,0.9819911654774041,0.0,0.0,0.0,2.3431572914123535,0.11711955070495605,0.9819911654774041,0.0,0.0,0.0
424,424,567,3678,0.9819297647459939,0.0,0.0,0.0,2.2665395736694336,0.03386831283569336,0.9819297647459939,0.0,0.0,0.0
425,425,567,3688,0.9818679438932604,0.0,0.0,0.0,9.172657012939453,0.03378939628601074,0.9818679438932604,0.0,0.0,0.0
426,426,567,3698,0.9818056985925163,0.0,0.0,0.0,3.8319151401519775,0.033887624740600586,0.9818056985925163,0.0,0.0,0.0
427,427,567,3708,0.9817430244574578,0.0,0.0,0.0,3.6301894187927246,0.03504037857055664,0.9817430244574578,0.0,0.0,0.0
428,428,567,3718,0.9816799170411338,0.0,0.0,0.0,3.647618293762207,0.0331881046295166,0.9816799170411338,0.0,0.0,0.0
429,429,567,3728,0.9816163718348943,0.0,0.0,0.0,8.792787790298462,0.03319549560546875,0.9816163718348943,0.0,0.0,0.0
430,430,567,3738,0.9815523842673164,0.0,0.0,0.0,2.5961105823516846,0.033089399337768555,0.9815523842673164,0.0,0.0,0.0
431,431,567,3748,0.9814879497031086,0.0,0.0,0.0,11.75968885421753,0.03292489051818848,0.9814879497031086,0.0,0.0,0.0
432,432,567,3758,0.9814230634419909,0.0,0.0,0.0,4.04247784614563,0.08391451835632324,0.9814230634419909,0.0,0.0,0.0
433,433,567,3768,0.9813577207175519,0.0,0.0,0.0,2.455157995223999,0.03257298469543457,0.9813577207175519,0.0,0.0,0.0
434,434,567,3778,0.9812919166960818,0.0,0.0,0.0,3.6461355686187744,0.03265190124511719,0.9812919166960818,0.0,0.0,0.0
435,435,567,3788,0.9812256464753808,0.0,0.0,0.0,2.759683847427368,0.032456398010253906,0.9812256464753808,0.0,0.0,0.0
436,436,567,3798,0.9811589050835408,0.0,0.0,0.0,4.766631603240967,0.03209233283996582,0.9811589050835408,0.0,0.0,0.0
437,437,567,3808,0.9810916874777025,0.0,0.0,0.0,7.036579370498657,0.03238058090209961,0.9810916874777025,0.0,0.0,0.0
438,438,567,3818,0.9810239885427855,0.0,0.0,0.0,7.045223951339722,0.033055782318115234,0.9810239885427855,0.0,0.0,0.0
439,439,567,3828,0.9809558030901905,0.0,0.0,0.0,8.50533127784729,0.052570343017578125,0.9809558030901905,0.0,0.0,0.0
440,440,567,3838,0.9808871258564731,0.0,0.0,0.0,19.070880889892578,0.06264638900756836,0.9808871258564731,0.0,0.0,0.0
441,441,567,3848,0.9808179515019906,0.0,0.0,0.0,5.212697505950928,0.07304811477661133,0.9808179515019906,0.0,0.0,0.0
442,442,567,3858,0.9807482746095169,0.0,0.0,0.0,8.244483232498169,0.0625157356262207,0.9807482746095169,0.0,0.0,0.0
443,443,567,3868,0.980678089682829,0.0,0.0,0.0,5.931283473968506,0.0614008903503418,0.980678089682829,0.0,0.0,0.0
444,444,567,3878,0.9806073911452616,0.0,0.0,0.0,7.832460165023804,0.06045699119567871,0.9806073911452616,0.0,0.0,0.0
445,445,567,3888,0.9805361733382298,0.0,0.0,0.0,36.44381070137024,0.06070709228515625,0.9805361733382298,0.0,0.0,0.0
446,446,567,3898,0.9808330261702912,1.0,0.018867924528301886,0.037037037037037035,8.432802677154541,0.35356879234313965,0.9808330261702912,1.0,0.018867924528301886,0.037037037037037035
447,447,568,3907,0.9807621161672216,0.0,0.0,0.0,7.649705171585083,0.060663461685180664,0.9807621161672216,0.0,0.0,0.0
448,448,568,3917,0.980690679539547,0.0,0.0,0.0,6.895463943481445,0.04993438720703125,0.980690679539547,0.0,0.0,0.0
449,449,568,3927,0.9806187103988073,0.0,0.0,0.0,5.791128396987915,0.05413675308227539,0.9806187103988073,0.0,0.0,0.0
450,450,568,3937,0.980546202768425,0.0,0.0,0.0,6.432024717330933,0.059262990951538086,0.980546202768425,0.0,0.0,0.0
451,451,568,3947,0.9804731505820503,0.0,0.0,0.0,9.115423440933228,0.06064176559448242,0.9804731505820503,0.0,0.0,0.0
452,452,568,3957,0.9803995476818695,0.0,0.0,0.0,8.167738437652588,0.058843374252319336,0.9803995476818695,0.0,0.0,0.0
453,453,568,3967,0.9803253878168747,0.0,0.0,0.0,5.954216957092285,0.05933642387390137,0.9803253878168747,0.0,0.0,0.0
454,454,568,3977,0.9802506646410938,0.0,0.0,0.0,7.295933723449707,0.05885148048400879,0.9802506646410938,0.0,0.0,0.0
455,455,568,3987,0.9801753717117804,0.0,0.0,0.0,8.698150873184204,0.058487892150878906,0.9801753717117804,0.0,0.0,0.0
456,456,568,3997,0.9800995024875622,0.0,0.0,0.0,7.628585577011108,0.058001041412353516,0.9800995024875622,0.0,0.0,0.0
457,457,568,4007,0.9800230503265462,0.0,0.0,0.0,5.11561393737793,0.058561086654663086,0.9800230503265462,0.0,0.0,0.0
458,458,568,4017,0.9799460084843811,0.0,0.0,0.0,3.8406732082366943,0.029818058013916016,0.9799460084843811,0.0,0.0,0.0
459,459,568,4027,0.9798683701122726,0.0,0.0,0.0,20.95699977874756,0.029743671417236328,0.9798683701122726,0.0,0.0,0.0
460,460,568,4037,0.9797901282549553,0.0,0.0,0.0,3.9219655990600586,0.19002485275268555,0.9797901282549553,0.0,0.0,0.0
461,461,568,4047,0.979711275848615,0.0,0.0,0.0,3.1902756690979004,0.02949047088623047,0.979711275848615,0.0,0.0,0.0
462,462,568,4057,0.9796318057187623,0.0,0.0,0.0,4.190521001815796,0.02922987937927246,0.9796318057187623,0.0,0.0,0.0
463,463,568,4067,0.9795517105780575,0.0,0.0,0.0,2.9147391319274902,0.029241561889648438,0.9795517105780575,0.0,0.0,0.0
464,464,568,4077,0.9794709830240821,0.0,0.0,0.0,4.727169513702393,0.02909231185913086,0.9794709830240821,0.0,0.0,0.0
465,465,568,4087,0.979389615537059,0.0,0.0,0.0,33.25095796585083,0.029171228408813477,0.979389615537059,0.0,0.0,0.0
466,466,568,4097,0.9793076004775169,0.0,0.0,0.0,5.187770366668701,0.2898399829864502,0.9793076004775169,0.0,0.0,0.0
467,467,568,4107,0.9792249300838993,0.0,0.0,0.0,7.182613849639893,0.02887749671936035,0.9792249300838993,0.0,0.0,0.0
468,468,568,4117,0.9791415964701163,0.0,0.0,0.0,17.96482229232788,0.028673171997070312,0.9791415964701163,0.0,0.0,0.0
469,469,568,4127,0.9790575916230366,0.0,0.0,0.0,4.605227708816528,0.14863204956054688,0.9790575916230366,0.0,0.0,0.0
470,470,568,4137,0.9789729073999192,0.0,0.0,0.0,4.0361199378967285,0.028616905212402344,0.9789729073999192,0.0,0.0,0.0
471,471,568,4147,0.9788875355257816,0.0,0.0,0.0,4.978562355041504,0.02810382843017578,0.9788875355257816,0.0,0.0,0.0
472,472,568,4157,0.9788014675907053,0.0,0.0,0.0,6.223842144012451,0.028130292892456055,0.9788014675907053,0.0,0.0,0.0
473,473,568,4167,0.9787146950470733,0.0,0.0,0.0,5.8146891593933105,0.02804708480834961,0.9787146950470733,0.0,0.0,0.0
474,474,568,4177,0.9786272092067406,0.0,0.0,0.0,5.539929151535034,0.028048276901245117,0.9786272092067406,0.0,0.0,0.0
475,475,568,4187,0.9785390012381345,0.0,0.0,0.0,3.6068172454833984,0.02802872657775879,0.9785390012381345,0.0,0.0,0.0
476,476,568,4197,0.9784500621632822,0.0,0.0,0.0,4.53849458694458,0.027724266052246094,0.9784500621632822,0.0,0.0,0.0
477,477,568,4207,0.9783603828547649,0.0,0.0,0.0,4.512097120285034,0.027631759643554688,0.9783603828547649,0.0,0.0,0.0
478,478,568,4217,0.9782699540325951,0.0,0.0,0.0,3.852490186691284,0.02747344970703125,0.9782699540325951,0.0,0.0,0.0
479,479,568,4227,0.9781787662610155,0.0,0.0,0.0,5.6670897006988525,0.05320572853088379,0.9781787662610155,0.0,0.0,0.0
480,480,568,4237,0.978086809945217,0.0,0.0,0.0,9.49437689781189,0.05352973937988281,0.978086809945217,0.0,0.0,0.0
481,481,568,4247,0.9779940753279729,0.0,0.0,0.0,6.20720100402832,0.05288553237915039,0.9779940753279729,0.0,0.0,0.0
482,482,568,4257,0.9779005524861878,0.0,0.0,0.0,7.31744384765625,0.04437756538391113,0.9779005524861878,0.0,0.0,0.0
483,483,568,4267,0.9778062313273581,0.0,0.0,0.0,10.69555377960205,0.052495718002319336,0.9778062313273581,0.0,0.0,0.0
484,484,568,4277,0.9777111015859409,0.0,0.0,0.0,14.632808923721313,0.05227041244506836,0.9777111015859409,0.0,0.0,0.0
485,485,568,4287,0.9776151528196297,0.0,0.0,0.0,10.81781530380249,0.051722049713134766,0.9776151528196297,0.0,0.0,0.0
486,486,568,4297,0.9775183744055339,0.0,0.0,0.0,3.069425344467163,0.026275157928466797,0.9775183744055339,0.0,0.0,0.0
487,487,568,4307,0.9774207555362571,0.0,0.0,0.0,4.73029899597168,0.0261538028717041,0.9774207555362571,0.0,0.0,0.0
488,488,568,4317,0.9773222852158744,0.0,0.0,0.0,21.078093767166138,0.026319503784179688,0.9773222852158744,0.0,0.0,0.0
489,489,568,4327,0.9772229522558038,0.0,0.0,0.0,5.929371356964111,0.152724027633667,0.9772229522558038,0.0,0.0,0.0
490,490,568,4337,0.9771227452705675,0.0,0.0,0.0,5.388835906982422,0.02609992027282715,0.9771227452705675,0.0,0.0,0.0
491,491,568,4347,0.9770216526734423,0.0,0.0,0.0,2.9885573387145996,0.02582716941833496,0.9770216526734423,0.0,0.0,0.0
492,492,568,4357,0.9769196626719929,0.0,0.0,0.0,3.6548256874084473,0.026071548461914062,0.9769196626719929,0.0,0.0,0.0
493,493,568,4367,0.9768167632634864,0.0,0.0,0.0,6.6626975536346436,0.025654077529907227,0.9768167632634864,0.0,0.0,0.0
494,494,568,4377,0.9767129422301836,0.0,0.0,0.0,5.42705512046814,0.025340557098388672,0.9767129422301836,0.0,0.0,0.0
495,495,568,4387,0.9766081871345029,0.0,0.0,0.0,3.037655830383301,0.02528834342956543,0.9766081871345029,0.0,0.0,0.0
496,496,568,4397,0.9765024853140534,0.0,0.0,0.0,4.3548736572265625,0.02563333511352539,0.9765024853140534,0.0,0.0,0.0
497,497,568,4407,0.976395823876532,0.0,0.0,0.0,2.6638829708099365,0.02508711814880371,0.976395823876532,0.0,0.0,0.0
498,498,568,4417,0.9762881896944824,0.0,0.0,0.0,4.461971282958984,0.0252077579498291,0.9762881896944824,0.0,0.0,0.0
499,499,568,4427,0.9761795693999084,0.0,0.0,0.0,3.104140281677246,0.025081396102905273,0.9761795693999084,0.0,0.0,0.0
500,500,568,4437,0.976069949378739,0.0,0.0,0.0,5.344513416290283,0.025574684143066406,0.976069949378739,0.0,0.0,0.0
501,501,568,4447,0.9759593157651411,0.0,0.0,0.0,4.685445070266724,0.024898767471313477,0.9759593157651411,0.0,0.0,0.0
502,502,568,4457,0.9758476544356711,0.0,0.0,0.0,5.283405780792236,0.024437427520751953,0.9758476544356711,0.0,0.0,0.0
503,503,568,4467,0.9757349510032665,0.0,0.0,0.0,3.629607915878296,0.02479696273803711,0.9757349510032665,0.0,0.0,0.0
504,504,568,4477,0.9756211908110642,0.0,0.0,0.0,30.609530925750732,0.0245358943939209,0.9756211908110642,0.0,0.0,0.0
505,505,568,4487,0.9755063589260481,0.0,0.0,0.0,7.404275417327881,0.22281265258789062,0.9755063589260481,0.0,0.0,0.0
506,506,568,4497,0.975390440132513,0.0,0.0,0.0,5.591498613357544,0.02430272102355957,0.975390440132513,0.0,0.0,0.0
507,507,568,4507,0.9752734189253447,0.0,0.0,0.0,5.631253957748413,0.024302005767822266,0.9752734189253447,0.0,0.0,0.0
508,508,568,4517,0.9751552795031055,0.0,0.0,0.0,3.733922004699707,0.02390265464782715,0.9751552795031055,0.0,0.0,0.0
509,509,568,4527,0.9750360057609218,0.0,0.0,0.0,8.191279411315918,0.023500680923461914,0.9750360057609218,0.0,0.0,0.0
510,510,568,4537,0.9749155812831645,0.0,0.0,0.0,4.717292070388794,0.02413010597229004,0.9749155812831645,0.0,0.0,0.0
511,511,568,4547,0.9747939893359185,0.0,0.0,0.0,3.4747698307037354,0.023682117462158203,0.9747939893359185,0.0,0.0,0.0
512,512,568,4557,0.9746712128592304,0.0,0.0,0.0,4.141941785812378,0.023897886276245117,0.9746712128592304,0.0,0.0,0.0
513,513,568,4567,0.9745472344591287,0.0,0.0,0.0,18.304245233535767,0.023338794708251953,0.9745472344591287,0.0,0.0,0.0
514,514,568,4577,0.9744220363994097,0.0,0.0,0.0,4.577815055847168,0.11865735054016113,0.9744220363994097,0.0,0.0,0.0
515,515,568,4587,0.9742956005931784,0.0,0.0,0.0,4.583699464797974,0.023361921310424805,0.9742956005931784,0.0,0.0,0.0
516,516,568,4597,0.9741679085941382,0.0,0.0,0.0,4.3970184326171875,0.023255109786987305,0.9741679085941382,0.0,0.0,0.0
517,517,568,4607,0.9740389415876186,0.0,0.0,0.0,29.49710726737976,0.02306532859802246,0.9740389415876186,0.0,0.0,0.0
518,518,568,4617,0.9739086803813347,0.0,0.0,0.0,8.815938234329224,0.19394588470458984,0.9739086803813347,0.0,0.0,0.0
519,519,568,4627,0.9737771053958648,0.0,0.0,0.0,7.3511693477630615,0.02299642562866211,0.9737771053958648,0.0,0.0,0.0
520,520,568,4637,0.9736441966548404,0.0,0.0,0.0,4.145676374435425,0.022971391677856445,0.9736441966548404,0.0,0.0,0.0
521,521,568,4647,0.9735099337748344,0.0,0.0,0.0,5.592465162277222,0.022791147232055664,0.9735099337748344,0.0,0.0,0.0
522,522,568,4657,0.9733742959549411,0.0,0.0,0.0,3.897409439086914,0.02379322052001953,0.9733742959549411,0.0,0.0,0.0
523,523,568,4667,0.9732372619660319,0.0,0.0,0.0,11.594986915588379,0.02268362045288086,0.9732372619660319,0.0,0.0,0.0
524,524,568,4677,0.9730988101396792,0.0,0.0,0.0,5.844130754470825,0.024503707885742188,0.9730988101396792,0.0,0.0,0.0
525,525,568,4687,0.9729589183567343,0.0,0.0,0.0,2.860421657562256,0.022364377975463867,0.9729589183567343,0.0,0.0,0.0
526,526,568,4697,0.9728175640355463,0.0,0.0,0.0,5.1859235763549805,0.022034406661987305,0.9728175640355463,0.0,0.0,0.0
527,527,568,4707,0.9726747241198108,0.0,0.0,0.0,4.341434955596924,0.021974563598632812,0.9726747241198108,0.0,0.0,0.0
528,528,568,4717,0.9725303750660328,0.0,0.0,0.0,3.8017685413360596,0.023642301559448242,0.9725303750660328,0.0,0.0,0.0
529,529,568,4727,0.9723844928305895,0.0,0.0,0.0,17.29681134223938,0.021837949752807617,0.9723844928305895,0.0,0.0,0.0
530,530,568,4737,0.9722370528563802,0.0,0.0,0.0,4.962953090667725,0.07481527328491211,0.9722370528563802,0.0,0.0,0.0
531,531,568,4747,0.9720880300590445,0.0,0.0,0.0,6.3039562702178955,0.02147078514099121,0.9720880300590445,0.0,0.0,0.0
532,532,568,4757,0.9719373988127361,0.0,0.0,0.0,7.682705402374268,0.0212557315826416,0.9719373988127361,0.0,0.0,0.0
533,533,568,4767,0.9717851329354313,0.0,0.0,0.0,35.67223787307739,0.021053075790405273,0.9717851329354313,0.0,0.0,0.0
534,534,568,4777,0.972176759410802,1.0,0.019230769230769232,0.03773584905660378,6.006896495819092,0.18045330047607422,0.972176759410802,1.0,0.019230769230769232,0.03773584905660378
535,535,569,4786,0.9720241360394953,0.0,0.0,0.0,4.142446279525757,0.020878076553344727,0.9720241360394953,0.0,0.0,0.0
536,536,569,4796,0.9718698290126861,0.0,0.0,0.0,8.251558303833008,0.02088785171508789,0.9718698290126861,0.0,0.0,0.0
537,537,569,4806,0.9717138103161398,0.0,0.0,0.0,5.909369230270386,0.020786046981811523,0.9717138103161398,0.0,0.0,0.0
538,538,569,4816,0.9715560513106526,0.0,0.0,0.0,5.34755539894104,0.02069544792175293,0.9715560513106526,0.0,0.0,0.0
539,539,569,4826,0.971396522714526,0.0,0.0,0.0,4.328917503356934,0.02062392234802246,0.971396522714526,0.0,0.0,0.0
540,540,569,4836,0.9712351945854484,0.0,0.0,0.0,14.873193979263306,0.02056431770324707,0.9712351945854484,0.0,0.0,0.0
541,541,569,4846,0.9710720363017583,0.0,0.0,0.0,4.617262601852417,0.02814960479736328,0.9710720363017583,0.0,0.0,0.0
542,542,569,4856,0.970907016543069,0.0,0.0,0.0,35.17707061767578,0.01996779441833496,0.970907016543069,0.0,0.0,0.0
543,543,569,4866,0.9707401032702238,0.0,0.0,0.0,4.7762603759765625,0.195465087890625,0.9707401032702238,0.0,0.0,0.0
544,544,569,4876,0.9705712637045586,0.0,0.0,0.0,4.7029869556427,0.020117998123168945,0.9705712637045586,0.0,0.0,0.0
545,545,569,4886,0.9704004643064422,0.0,0.0,0.0,7.0824644565582275,0.0199587345123291,0.9704004643064422,0.0,0.0,0.0
546,546,569,4896,0.9702276707530648,0.0,0.0,0.0,4.252808332443237,0.02050614356994629,0.9702276707530648,0.0,0.0,0.0
547,547,569,4906,0.9700528479154433,0.0,0.0,0.0,5.100845098495483,0.019646406173706055,0.9700528479154433,0.0,0.0,0.0
548,548,569,4916,0.9698759598346132,0.0,0.0,0.0,14.208489894866943,0.01969766616821289,0.9698759598346132,0.0,0.0,0.0
549,549,569,4926,0.9696969696969697,0.0,0.0,0.0,6.015806436538696,0.03450751304626465,0.9696969696969697,0.0,0.0,0.0
550,550,569,4936,0.9695158398087268,0.0,0.0,0.0,7.0639967918396,0.019458293914794922,0.9695158398087268,0.0,0.0,0.0
551,551,569,4946,0.9693325315694528,0.0,0.0,0.0,3.5921618938446045,0.018856287002563477,0.9693325315694528,0.0,0.0,0.0
552,552,569,4956,0.969147005444646,0.0,0.0,0.0,6.72015118598938,0.019274234771728516,0.969147005444646,0.0,0.0,0.0
553,553,569,4966,0.9689592209373098,0.0,0.0,0.0,3.9849765300750732,0.018824338912963867,0.9689592209373098,0.0,0.0,0.0
554,554,569,4976,0.9687691365584813,0.0,0.0,0.0,5.474006652832031,0.019054651260375977,0.9687691365584813,0.0,0.0,0.0
555,555,569,4986,0.9685767097966729,0.0,0.0,0.0,16.761411428451538,0.018602371215820312,0.9685767097966729,0.0,0.0,0.0
556,556,569,4996,0.9683818970861748,0.0,0.0,0.0,6.31150221824646,0.07993412017822266,0.9683818970861748,0.0,0.0,0.0
557,557,569,5006,0.9681846537741734,0.0,0.0,0.0,4.880201101303101,0.018624067306518555,0.9681846537741734,0.0,0.0,0.0
558,558,569,5016,0.967984934086629,0.0,0.0,0.0,4.783169746398926,0.01819467544555664,0.967984934086629,0.0,0.0,0.0
559,559,569,5026,0.9677826910928616,0.0,0.0,0.0,4.504120826721191,0.018357276916503906,0.9677826910928616,0.0,0.0,0.0
560,560,569,5036,0.9675778766687858,0.0,0.0,0.0,8.482293844223022,0.01801466941833496,0.9675778766687858,0.0,0.0,0.0
561,561,569,5046,0.9673704414587332,0.0,0.0,0.0,4.812795639038086,0.01800227165222168,0.9673704414587332,0.0,0.0,0.0
562,562,569,5056,0.9671603348358017,0.0,0.0,0.0,3.3113903999328613,0.01798248291015625,0.9671603348358017,0.0,0.0,0.0
563,563,569,5066,0.9669475048606611,0.0,0.0,0.0,8.60802698135376,0.017629623413085938,0.9669475048606611,0.0,0.0,0.0
564,564,569,5076,0.9667318982387475,0.0,0.0,0.0,4.836244583129883,0.01779651641845703,0.9667318982387475,0.0,0.0,0.0
565,565,569,5086,0.9665134602757715,0.0,0.0,0.0,5.8911309242248535,0.01792454719543457,0.9665134602757715,0.0,0.0,0.0
566,566,569,5096,0.9662921348314607,0.0,0.0,0.0,4.59541392326355,0.017404794692993164,0.9662921348314607,0.0,0.0,0.0
567,567,569,5106,0.9660678642714571,0.0,0.0,0.0,3.985948085784912,0.017536163330078125,0.9660678642714571,0.0,0.0,0.0
568,568,569,5116,0.9658405894172807,0.0,0.0,0.0,4.522101879119873,0.01719355583190918,0.9658405894172807,0.0,0.0,0.0
569,569,569,5126,0.9656102494942683,0.0,0.0,0.0,5.7449421882629395,0.017206907272338867,0.9656102494942683,0.0,0.0,0.0
570,570,569,5136,0.9653767820773931,0.0,0.0,0.0,3.539996385574341,0.017033815383911133,0.9653767820773931,0.0,0.0,0.0
571,571,569,5146,0.9651401230348599,0.0,0.0,0.0,6.681480646133423,0.016937255859375,0.9651401230348599,0.0,0.0,0.0
572,572,569,5156,0.9649002064693737,0.0,0.0,0.0,6.474018096923828,0.016872644424438477,0.9649002064693737,0.0,0.0,0.0
573,573,569,5166,0.9646569646569647,0.0,0.0,0.0,39.815406799316406,0.016788721084594727,0.9646569646569647,0.0,0.0,0.0
574,574,569,5176,0.9644103279832519,0.0,0.0,0.0,5.520597457885742,0.17806267738342285,0.9644103279832519,0.0,0.0,0.0
575,575,569,5186,0.9641602248770204,0.0,0.0,0.0,4.563493013381958,0.016089439392089844,0.9641602248770204,0.0,0.0,0.0
576,576,569,5196,0.9639065817409767,0.0,0.0,0.0,8.067551851272583,0.016479015350341797,0.9639065817409767,0.0,0.0,0.0
577,577,569,5206,0.9636493228795439,0.0,0.0,0.0,3.0463037490844727,0.016259193420410156,0.9636493228795439,0.0,0.0,0.0
578,578,569,5216,0.9633883704235463,0.0,0.0,0.0,5.090947151184082,0.016319751739501953,0.9633883704235463,0.0,0.0,0.0
579,579,569,5226,0.9631236442516269,0.0,0.0,0.0,6.953826904296875,0.01609063148498535,0.9631236442516269,0.0,0.0,0.0
580,580,569,5236,0.9628550619082301,0.0,0.0,0.0,4.69511342048645,0.016004323959350586,0.9628550619082301,0.0,0.0,0.0
581,581,569,5246,0.962582538517975,0.0,0.0,0.0,4.491361141204834,0.01587677001953125,0.962582538517975,0.0,0.0,0.0
582,582,569,5256,0.9623059866962306,0.0,0.0,0.0,5.42990517616272,0.015526533126831055,0.9623059866962306,0.0,0.0,0.0
583,583,569,5266,0.9620253164556962,0.0,0.0,0.0,28.507542371749878,0.015413045883178711,0.9620253164556962,0.0,0.0,0.0
584,584,569,5276,0.9617404351087772,0.0,0.0,0.0,5.166962623596191,0.11666584014892578,0.9617404351087772,0.0,0.0,0.0
585,585,569,5286,0.9614512471655329,0.0,0.0,0.0,3.5775206089019775,0.015638351440429688,0.9614512471655329,0.0,0.0,0.0
586,586,569,5296,0.9611576542269612,0.0,0.0,0.0,6.23164963722229,0.015310287475585938,0.9611576542269612,0.0,0.0,0.0
587,587,569,5306,0.9608595548733692,0.0,0.0,0.0,3.6535444259643555,0.015156269073486328,0.9608595548733692,0.0,0.0,0.0
588,588,569,5316,0.9605568445475638,0.0,0.0,0.0,40.33557653427124,0.015035390853881836,0.9605568445475638,0.0,0.0,0.0
589,589,569,5326,0.9602494154325799,0.0,0.0,0.0,7.645188331604004,0.16610431671142578,0.9602494154325799,0.0,0.0,0.0
590,590,569,5336,0.959937156323645,0.0,0.0,0.0,5.22433066368103,0.015251398086547852,0.959937156323645,0.0,0.0,0.0
591,591,569,5346,0.9596199524940617,0.0,0.0,0.0,4.9804582595825195,0.014500141143798828,0.9596199524940617,0.0,0.0,0.0
592,592,569,5356,0.9592976855546688,0.0,0.0,0.0,4.12503719329834,0.014700889587402344,0.9592976855546688,0.0,0.0,0.0
593,593,569,5366,0.9589702333065165,0.0,0.0,0.0,3.6498749256134033,0.014833688735961914,0.9589702333065165,0.0,0.0,0.0
594,594,569,5376,0.9586374695863747,0.0,0.0,0.0,4.005828380584717,0.014669656753540039,0.9586374695863747,0.0,0.0,0.0
595,595,569,5386,0.9582992641046607,0.0,0.0,0.0,67.92098426818848,0.01443171501159668,0.9582992641046607,0.0,0.0,0.0
596,596,569,5396,0.9579554822753503,0.0,0.0,0.0,3.3794519901275635,0.1463770866394043,0.9579554822753503,0.0,0.0,0.0
597,597,569,5406,0.9576059850374065,0.0,0.0,0.0,5.986191987991333,0.014264583587646484,0.9576059850374065,0.0,0.0,0.0
598,598,569,5416,0.9572506286672254,0.0,0.0,0.0,8.49085259437561,0.013826370239257812,0.9572506286672254,0.0,0.0,0.0
599,599,569,5426,0.9568892645815723,0.0,0.0,0.0,6.321246147155762,0.013868093490600586,0.9568892645815723,0.0,0.0,0.0
600,600,569,5436,0.9565217391304348,0.0,0.0,0.0,3.3882100582122803,0.014390707015991211,0.9565217391304348,0.0,0.0,0.0
601,601,569,5446,0.9561478933791917,0.0,0.0,0.0,16.218448400497437,0.013734102249145508,0.9561478933791917,0.0,0.0,0.0
602,602,569,5456,0.955767562879445,0.0,0.0,0.0,39.04059386253357,0.045989990234375,0.955767562879445,0.0,0.0,0.0
603,603,569,5466,0.9553805774278216,0.0,0.0,0.0,8.712438106536865,0.1441974639892578,0.9553805774278216,0.0,0.0,0.0
604,604,569,5476,0.9549867608120035,0.0,0.0,0.0,22.577966928482056,0.013110637664794922,0.9549867608120035,0.0,0.0,0.0
605,605,569,5486,0.9545859305431879,0.0,0.0,0.0,43.365561962127686,0.07547426223754883,0.9545859305431879,0.0,0.0,0.0
606,606,569,5496,0.954177897574124,0.0,0.0,0.0,60.67021942138672,0.12874388694763184,0.954177897574124,0.0,0.0,0.0
607,607,569,5506,0.9537624660018132,0.0,0.0,0.0,4.684718132019043,0.1642746925354004,0.9537624660018132,0.0,0.0,0.0
608,608,569,5516,0.9533394327538883,0.0,0.0,0.0,5.630014657974243,0.012802600860595703,0.9533394327538883,0.0,0.0,0.0
609,609,569,5526,0.9529085872576177,0.0,0.0,0.0,3.8583481311798096,0.012703418731689453,0.9529085872576177,0.0,0.0,0.0
610,610,569,5536,0.9524697110904008,0.0,0.0,0.0,5.711085319519043,0.012776613235473633,0.9524697110904008,0.0,0.0,0.0
611,611,569,5546,0.9520225776105362,0.0,0.0,0.0,8.148040533065796,0.01257181167602539,0.9520225776105362,0.0,0.0,0.0
612,612,569,5556,0.9515669515669516,0.0,0.0,0.0,6.569635629653931,0.012349128723144531,0.9515669515669516,0.0,0.0,0.0
613,613,569,5566,0.9511025886864813,0.0,0.0,0.0,4.793994426727295,0.012242317199707031,0.9511025886864813,0.0,0.0,0.0
614,614,569,5576,0.9506292352371732,0.0,0.0,0.0,6.681584119796753,0.011954307556152344,0.9506292352371732,0.0,0.0,0.0
615,615,569,5586,0.9501466275659824,0.0,0.0,0.0,13.786969661712646,0.011963605880737305,0.9501466275659824,0.0,0.0,0.0
616,616,569,5596,0.9496544916090819,0.0,0.0,0.0,24.817273378372192,0.01314687728881836,0.9496544916090819,0.0,0.0,0.0
617,617,569,5606,0.9491525423728814,0.0,0.0,0.0,13.997935056686401,0.0720834732055664,0.9491525423728814,0.0,0.0,0.0
618,618,569,5616,0.9486404833836858,0.0,0.0,0.0,74.13474464416504,0.01430201530456543,0.9486404833836858,0.0,0.0,0.0
619,619,569,5626,0.9491353001017294,1.0,0.0196078431372549,0.038461538461538464,4.21260404586792,0.14908599853515625,0.9491353001017294,1.0,0.0196078431372549,0.038461538461538464
620,620,570,5635,0.9486125385405961,0.0,0.0,0.0,4.6363301277160645,0.011286020278930664,0.9486125385405961,0.0,0.0,0.0
621,621,570,5645,0.9480789200415368,0.0,0.0,0.0,26.775177240371704,0.011243581771850586,0.9480789200415368,0.0,0.0,0.0
622,622,570,5655,0.9475341028331584,0.0,0.0,0.0,8.444194316864014,0.06514167785644531,0.9475341028331584,0.0,0.0,0.0
623,623,570,5665,0.9469777306468717,0.0,0.0,0.0,18.88569951057434,0.011188268661499023,0.9469777306468717,0.0,0.0,0.0
624,624,570,5675,0.9464094319399786,0.0,0.0,0.0,5.266523599624634,0.044338226318359375,0.9464094319399786,0.0,0.0,0.0
625,625,570,5685,0.9458288190682557,0.0,0.0,0.0,4.669938564300537,0.010895490646362305,0.9458288190682557,0.0,0.0,0.0
626,626,570,5695,0.9452354874041621,0.0,0.0,0.0,5.059095144271851,0.010896682739257812,0.9452354874041621,0.0,0.0,0.0
627,627,570,5705,0.9446290143964563,0.0,0.0,0.0,27.188393592834473,0.010975837707519531,0.9446290143964563,0.0,0.0,0.0
628,628,570,5715,0.9440089585666294,0.0,0.0,0.0,4.606639623641968,0.0734717845916748,0.9440089585666294,0.0,0.0,0.0
629,629,570,5725,0.9433748584371461,0.0,0.0,0.0,9.795862436294556,0.010307073593139648,0.9433748584371461,0.0,0.0,0.0
630,630,570,5735,0.9427262313860252,0.0,0.0,0.0,4.617311239242554,0.010161638259887695,0.9427262313860252,0.0,0.0,0.0
631,631,570,5745,0.9420625724217845,0.0,0.0,0.0,4.821974754333496,0.010234832763671875,0.9420625724217845,0.0,0.0,0.0
632,632,570,5755,0.9413833528722158,0.0,0.0,0.0,4.497957706451416,0.01010441780090332,0.9413833528722158,0.0,0.0,0.0
633,633,570,5765,0.9406880189798339,0.0,0.0,0.0,4.100363731384277,0.009911060333251953,0.9406880189798339,0.0,0.0,0.0
634,634,570,5775,0.9399759903961584,0.0,0.0,0.0,16.407040119171143,0.00995492935180664,0.9399759903961584,0.0,0.0,0.0
635,635,570,5785,0.9392466585662211,0.0,0.0,0.0,26.299737691879272,0.030864715576171875,0.9392466585662211,0.0,0.0,0.0
636,636,570,5795,0.9384993849938499,0.0,0.0,0.0,37.43732738494873,0.062479496002197266,0.9384993849938499,0.0,0.0,0.0
637,637,570,5805,0.937733499377335,0.0,0.0,0.0,4.203689098358154,0.08618998527526855,0.937733499377335,0.0,0.0,0.0
638,638,570,5815,0.9369482976040353,0.0,0.0,0.0,5.352535963058472,0.009267807006835938,0.9369482976040353,0.0,0.0,0.0
639,639,570,5825,0.9361430395913155,0.0,0.0,0.0,38.473955154418945,0.009311199188232422,0.9361430395913155,0.0,0.0,0.0
640,640,570,5835,0.9353169469598965,0.0,0.0,0.0,3.429919481277466,0.09052801132202148,0.9353169469598965,0.0,0.0,0.0
641,641,570,5845,0.9344692005242464,0.0,0.0,0.0,5.747283697128296,0.009194374084472656,0.9344692005242464,0.0,0.0,0.0
642,642,570,5855,0.9335989375830013,0.0,0.0,0.0,17.867857456207275,0.00896596908569336,0.9335989375830013,0.0,0.0,0.0
643,643,570,5865,0.9327052489905787,0.0,0.0,0.0,4.811247825622559,0.02868366241455078,0.9327052489905787,0.0,0.0,0.0
644,644,570,5875,0.931787175989086,0.0,0.0,0.0,3.2091169357299805,0.008897781372070312,0.931787175989086,0.0,0.0,0.0
645,645,570,5885,0.9308437067773168,0.0,0.0,0.0,5.806445598602295,0.008846759796142578,0.9308437067773168,0.0,0.0,0.0
646,646,570,5895,0.9298737727910238,0.0,0.0,0.0,12.918867349624634,0.008790016174316406,0.9298737727910238,0.0,0.0,0.0
647,647,570,5905,0.9288762446657184,0.0,0.0,0.0,6.638798952102661,0.009166955947875977,0.9288762446657184,0.0,0.0,0.0
648,648,570,5915,0.9278499278499278,0.0,0.0,0.0,20.386603355407715,0.008394718170166016,0.9278499278499278,0.0,0.0,0.0
649,649,570,5925,0.9267935578330894,0.0,0.0,0.0,5.873369455337524,0.02834630012512207,0.9267935578330894,0.0,0.0,0.0
650,650,570,5935,0.9257057949479941,0.0,0.0,0.0,59.84890127182007,0.008445024490356445,0.9257057949479941,0.0,0.0,0.0
651,651,570,5945,0.9245852187028658,0.0,0.0,0.0,4.849937677383423,0.07915735244750977,0.9245852187028658,0.0,0.0,0.0
652,652,570,5955,0.9234303215926493,0.0,0.0,0.0,13.290900707244873,0.007697582244873047,0.9234303215926493,0.0,0.0,0.0
653,653,570,5965,0.9222395023328149,0.0,0.0,0.0,25.3446261882782,0.008121013641357422,0.9222395023328149,0.0,0.0,0.0
654,654,570,5975,0.9210110584518167,0.0,0.0,0.0,17.77533769607544,0.04464101791381836,0.9210110584518167,0.0,0.0,0.0
655,655,570,5985,0.9197431781701445,0.0,0.0,0.0,3.7304434776306152,0.020487070083618164,0.9197431781701445,0.0,0.0,0.0
656,656,570,5995,0.9184339314845025,0.0,0.0,0.0,5.132446527481079,0.007374286651611328,0.9184339314845025,0.0,0.0,0.0
657,657,570,6005,0.9170812603648425,0.0,0.0,0.0,4.611807107925415,0.007209062576293945,0.9170812603648425,0.0,0.0,0.0
658,658,570,6015,0.9156829679595279,0.0,0.0,0.0,47.614749908447266,0.007123470306396484,0.9156829679595279,0.0,0.0,0.0
659,659,570,6025,0.9142367066895368,0.0,0.0,0.0,4.920803546905518,0.07909417152404785,0.9142367066895368,0.0,0.0,0.0
660,660,570,6035,0.912739965095986,0.0,0.0,0.0,83.33973026275635,0.007025003433227539,0.912739965095986,0.0,0.0,0.0
661,661,570,6045,0.9147424511545293,1.0,0.04,0.07692307692307693,11.736529350280762,0.07780218124389648,0.9147424511545293,1.0,0.04,0.07692307692307693
662,662,572,6053,0.9132007233273056,0.0,0.0,0.0,4.190524101257324,0.006920814514160156,0.9132007233273056,0.0,0.0,0.0
663,663,572,6063,0.9116022099447514,0.0,0.0,0.0,4.766038656234741,0.0067594051361083984,0.9116022099447514,0.0,0.0,0.0
664,664,572,6073,0.9099437148217636,0.0,0.0,0.0,19.053908348083496,0.00672602653503418,0.9099437148217636,0.0,0.0,0.0
665,665,572,6083,0.9082217973231358,0.0,0.0,0.0,6.0795958042144775,0.021370887756347656,0.9082217973231358,0.0,0.0,0.0
666,666,572,6093,0.9064327485380117,0.0,0.0,0.0,5.022494554519653,0.00652623176574707,0.9064327485380117,0.0,0.0,0.0
667,667,572,6103,0.904572564612326,0.0,0.0,0.0,4.0008838176727295,0.006410121917724609,0.904572564612326,0.0,0.0,0.0
668,668,572,6113,0.9026369168356998,0.0,0.0,0.0,9.234848499298096,0.006262540817260742,0.9026369168356998,0.0,0.0,0.0
669,669,572,6123,0.9006211180124224,0.0,0.0,0.0,4.23741602897644,0.0061342716217041016,0.9006211180124224,0.0,0.0,0.0
670,670,572,6133,0.8985200845665962,0.0,0.0,0.0,5.404127597808838,0.0058367252349853516,0.8985200845665962,0.0,0.0,0.0
671,671,572,6143,0.896328293736501,0.0,0.0,0.0,8.467610836029053,0.006043672561645508,0.896328293736501,0.0,0.0,0.0
672,672,572,6153,0.8940397350993378,0.0,0.0,0.0,5.9829864501953125,0.0056307315826416016,0.8940397350993378,0.0,0.0,0.0
673,673,572,6163,0.891647855530474,0.0,0.0,0.0,6.277991056442261,0.00568389892578125,0.891647855530474,0.0,0.0,0.0
674,674,572,6173,0.8891454965357968,0.0,0.0,0.0,5.843648195266724,0.005430459976196289,0.8891454965357968,0.0,0.0,0.0
675,675,572,6183,0.8865248226950354,0.0,0.0,0.0,5.0497729778289795,0.005332469940185547,0.8865248226950354,0.0,0.0,0.0
676,676,572,6193,0.8837772397094431,0.0,0.0,0.0,28.904813051223755,0.005232572555541992,0.8837772397094431,0.0,0.0,0.0
677,677,572,6203,0.8808933002481389,0.0,0.0,0.0,30.81065797805786,0.033159732818603516,0.8808933002481389,0.0,0.0,0.0
678,678,572,6213,0.8778625954198473,0.0,0.0,0.0,3.8301072120666504,0.0351259708404541,0.8778625954198473,0.0,0.0,0.0
679,679,572,6223,0.8746736292428199,0.0,0.0,0.0,8.114890813827515,0.004914999008178711,0.8746736292428199,0.0,0.0,0.0
680,680,572,6233,0.871313672922252,0.0,0.0,0.0,6.302389144897461,0.004921913146972656,0.871313672922252,0.0,0.0,0.0
681,681,572,6243,0.8677685950413223,0.0,0.0,0.0,6.0796308517456055,0.0046308040618896484,0.8677685950413223,0.0,0.0,0.0
682,682,572,6253,0.8640226628895185,0.0,0.0,0.0,20.453675270080566,0.00450897216796875,0.8640226628895185,0.0,0.0,0.0
683,683,572,6263,0.8600583090379009,0.0,0.0,0.0,5.113522291183472,0.015166521072387695,0.8600583090379009,0.0,0.0,0.0
684,684,572,6273,0.8558558558558559,0.0,0.0,0.0,7.90545392036438,0.004666805267333984,0.8558558558558559,0.0,0.0,0.0
685,685,572,6283,0.8513931888544891,0.0,0.0,0.0,5.191193580627441,0.004174470901489258,0.8513931888544891,0.0,0.0,0.0
686,686,572,6293,0.8466453674121406,0.0,0.0,0.0,11.433186769485474,0.00410914421081543,0.8466453674121406,0.0,0.0,0.0
687,687,572,6303,0.8415841584158416,0.0,0.0,0.0,28.079050540924072,0.003949880599975586,0.8415841584158416,0.0,0.0,0.0
688,688,572,6313,0.8361774744027304,0.0,0.0,0.0,4.146426200866699,0.022869110107421875,0.8361774744027304,0.0,0.0,0.0
689,689,572,6323,0.8303886925795053,0.0,0.0,0.0,12.036351442337036,0.0037374496459960938,0.8303886925795053,0.0,0.0,0.0
690,690,572,6333,0.8241758241758241,0.0,0.0,0.0,4.151511192321777,0.0038046836853027344,0.8241758241758241,0.0,0.0,0.0
691,691,572,6343,0.8174904942965779,0.0,0.0,0.0,7.5536956787109375,0.0034699440002441406,0.8174904942965779,0.0,0.0,0.0
692,692,572,6353,0.8102766798418972,0.0,0.0,0.0,18.98391103744507,0.003561735153198242,0.8102766798418972,0.0,0.0,0.0
693,693,572,6363,0.8024691358024691,0.0,0.0,0.0,5.264185667037964,0.005221366882324219,0.8024691358024691,0.0,0.0,0.0
694,694,572,6373,0.7939914163090128,0.0,0.0,0.0,4.947932004928589,0.0031070709228515625,0.7939914163090128,0.0,0.0,0.0
695,695,572,6383,0.7847533632286996,0.0,0.0,0.0,15.554656028747559,0.0030324459075927734,0.7847533632286996,0.0,0.0,0.0
696,696,572,6393,0.7746478873239436,0.0,0.0,0.0,6.373214483261108,0.0030510425567626953,0.7746478873239436,0.0,0.0,0.0
697,697,572,6403,0.7635467980295566,0.0,0.0,0.0,5.633688688278198,0.002853870391845703,0.7635467980295566,0.0,0.0,0.0
698,698,572,6413,0.7512953367875648,0.0,0.0,0.0,14.420548677444458,0.002699136734008789,0.7512953367875648,0.0,0.0,0.0
699,699,572,6423,0.7377049180327869,0.0,0.0,0.0,18.069888830184937,0.0028002262115478516,0.7377049180327869,0.0,0.0,0.0
700,700,572,6433,0.7225433526011561,0.0,0.0,0.0,4.965325117111206,0.005159854888916016,0.7225433526011561,0.0,0.0,0.0
701,701,572,6443,0.7055214723926381,0.0,0.0,0.0,7.563655376434326,0.0024213790893554688,0.7055214723926381,0.0,0.0,0.0
702,702,573,6452,0.6928104575163399,0.0,0.0,0.0,93.1456573009491,0.002354145050048828,0.6928104575163399,0.0,0.0,0.0
703,703,574,6461,0.6783216783216783,0.0,0.0,0.0,43.57667922973633,0.028566598892211914,0.6783216783216783,0.0,0.0,0.0
704,704,577,6468,0.6766917293233082,0.0,0.0,0.0,4.799997806549072,0.016416549682617188,0.6766917293233082,0.0,0.0,0.0
705,705,585,6470,0.7154471544715447,0.0,0.0,0.0,4.570466041564941,0.002043008804321289,0.7154471544715447,0.0,0.0,0.0
706,706,589,6476,0.7256637168141593,0.0,0.0,0.0,5.900130748748779,0.0019447803497314453,0.7256637168141593,0.0,0.0,0.0
707,707,591,6484,0.7184466019417476,0.0,0.0,0.0,21.190880060195923,0.0018458366394042969,0.7184466019417476,0.0,0.0,0.0
708,708,593,6492,0.7096774193548387,0.0,0.0,0.0,6.648658752441406,0.003535032272338867,0.7096774193548387,0.0,0.0,0.0
709,709,596,6499,0.7108433734939759,0.0,0.0,0.0,20.503380298614502,0.0016222000122070312,0.7108433734939759,0.0,0.0,0.0
710,710,599,6506,0.7123287671232876,0.0,0.0,0.0,7.606680631637573,0.004151582717895508,0.7123287671232876,0.0,0.0,0.0
711,711,601,6514,0.6984126984126984,0.0,0.0,0.0,4.302714586257935,0.0013649463653564453,0.6984126984126984,0.0,0.0,0.0
712,712,602,6523,0.660377358490566,0.0,0.0,0.0,5.274252414703369,0.0012516975402832031,0.660377358490566,0.0,0.0,0.0
713,713,604,6531,0.627906976744186,0.0,0.0,0.0,25.653307914733887,0.0009202957153320312,0.627906976744186,0.0,0.0,0.0
714,714,610,6535,0.696969696969697,0.0,0.0,0.0,5.443629741668701,0.0028481483459472656,0.696969696969697,0.0,0.0,0.0
715,715,618,6537,0.9130434782608695,0.0,0.0,0.0,5.615236759185791,0.0006771087646484375,0.9130434782608695,0.0,0.0,0.0
716,716,619,6546,0.9230769230769231,0.0,0.0,0.0,19.598421812057495,0.0005452632904052734,0.9230769230769231,0.0,0.0,0.0
717,717,619,6556,0.6666666666666666,0.0,0.0,0.0,7.8957531452178955,0.00045490264892578125,0.6666666666666666,0.0,0.0,0.0
