1323412960	0.976	1.000	0.967
1291263794	0.948	1.000	0.992
1287505669	0.959	0.994	0.974
1287587801	0.983	0.988	0.956
1412095279	0.990	0.971	0.956
1325795691	0.982	0.997	0.927
1284729689	0.950	0.982	0.971
1325698778	0.991	0.996	0.911
1287413237	0.929	1.000	0.964
1270515457	0.976	0.949	0.966
1282856535	0.995	0.978	0.916
1323657445	0.995	0.975	0.916
1325744573	0.964	0.957	0.964
1291236979	0.964	0.958	0.960
1291594642	0.891	0.996	0.994
1323614489	0.948	0.988	0.946
1270425007	0.961	0.939	0.976
1313974312	0.911	0.989	0.974
1291602589	0.997	0.927	0.945
1284533770	0.894	1.000	0.973
1291482447	0.919	0.997	0.946
1270299849	0.896	0.975	0.991
1291386804	0.988	0.995	0.875
1291496738	0.921	0.996	0.937
1288523797	0.912	0.976	0.963
1288398387	0.928	0.983	0.941
1325813870	0.870	0.992	0.987
1270636439	0.858	0.995	0.996
1288639043	0.968	0.950	0.929
1325845969	0.930	0.988	0.928
1323612729	0.936	0.964	0.945
1325800065	0.956	0.995	0.892
1325739858	0.899	0.997	0.942
1287718726	0.867	1.000	0.969
1288559970	0.835	1.000	1.000
1287568705	0.948	0.995	0.892
1291397403	0.906	0.981	0.944
1323625845	0.968	0.968	0.894
1289446283	0.875	0.984	0.970
1323609295	0.957	0.979	0.894
1288478630	0.891	0.946	0.992
1291396376	0.878	0.978	0.967
1313857483	0.880	0.974	0.967
1313882430	0.887	0.994	0.938
1287783751	0.878	0.937	1.000
1291579754	0.967	0.995	0.852
1412035539	0.919	0.957	0.938
1287149403	0.880	0.971	0.963
1325832838	0.866	0.996	0.951
1316363792	0.845	0.995	0.973
1323638779	0.935	0.989	0.888
1323638348	0.865	0.977	0.969
1288439376	0.977	0.995	0.839
1289444711	0.815	1.000	0.994
1288405343	0.918	0.992	0.899
1291514996	0.807	1.000	1.000
1323622323	0.855	0.991	0.960
1288520798	0.884	0.986	0.933
1323650991	0.804	1.000	1.000
1289437459	0.903	0.925	0.975
1282787086	0.826	1.000	0.973
1284670789	0.893	0.961	0.941
1289160261	0.937	0.969	0.889
1287374402	0.795	1.000	1.000
1323618580	0.943	0.867	0.985
1313774509	0.794	1.000	1.000
1291400427	0.794	1.000	1.000
1325798395	0.808	1.000	0.985
1313792891	0.813	0.984	0.995
1325875626	0.932	0.974	0.887
1323622504	0.964	0.961	0.868
1325822627	0.994	0.982	0.815
1323624073	0.994	0.995	0.802
1313824566	0.832	0.992	0.966
1325784427	0.932	0.947	0.910
1288797002	0.958	0.975	0.854
1313763916	0.812	0.975	1.000
1291458301	0.856	0.991	0.938
1323634212	0.878	0.963	0.940
1412031396	0.909	0.928	0.943
1291394344	0.890	0.981	0.908
1270602152	0.831	0.990	0.957
1289648672	0.882	0.959	0.934
1323612321	0.893	0.978	0.902
1283149877	0.933	0.969	0.871
1284983178	0.956	0.982	0.833
1287470834	0.889	0.990	0.891
1283175943	0.823	0.965	0.982
1313783518	0.841	0.959	0.970
1313800907	0.941	0.904	0.924
1325787184	0.850	0.995	0.922
1287514701	0.791	0.996	0.979
1287367407	0.879	0.959	0.928
1287408945	0.791	1.000	0.974
1325853019	0.813	0.977	0.974
1288373572	0.846	0.926	0.991
1291481522	0.836	0.992	0.936
1289134266	0.818	0.965	0.981
1284963033	0.983	0.955	0.823
1287532346	0.936	0.913	0.912
1284735537	0.930	0.977	0.853
1313954613	0.922	0.967	0.870
1325870306	0.873	0.976	0.908
1323641152	0.929	0.988	0.838
1287484542	0.755	1.000	1.000
1287827553	0.926	0.993	0.836
1287616369	0.830	0.943	0.981
1291446380	0.863	0.996	0.893
1316591896	0.828	0.990	0.933
1270684449	0.841	0.981	0.929
1288697248	0.928	0.992	0.831
1291620548	0.964	0.958	0.828
1291872765	0.952	0.957	0.840
1323652305	0.941	0.912	0.896
1323633109	0.786	0.976	0.986
1295983988	0.834	0.996	0.918
1291511639	0.927	0.987	0.833
1291297174	0.901	0.918	0.927
1288575407	0.847	0.935	0.962
1291550153	0.958	0.941	0.845
1287474897	0.801	0.956	0.988
1291616960	0.889	0.982	0.873
1325831324	0.865	1.000	0.878
1290370156	0.947	0.903	0.892
1289660240	0.743	1.000	1.000
1287422476	0.754	1.000	0.988
1288446580	0.757	0.994	0.991
1287194330	0.774	0.978	0.989
1289247297	0.868	0.931	0.942
1284928811	1.000	0.873	0.867
1291180955	0.775	0.964	1.000
1289208588	0.771	0.987	0.981
1284684341	0.908	0.996	0.834
1316847953	0.861	0.985	0.892
1287357692	0.762	0.991	0.984
1289399414	0.786	0.989	0.959
1287748099	0.893	0.978	0.862
1287489578	0.763	0.986	0.983
1316561240	0.737	0.997	0.996
1323656678	0.934	0.921	0.875
1282883231	0.800	0.949	0.980
1325745930	0.778	0.992	0.959
1291412107	0.746	1.000	0.983
1316262395	0.728	1.000	1.000
1270629788	0.835	0.996	0.897
1291239742	0.898	0.970	0.859
1351090643	0.898	0.922	0.908
1325798648	0.764	0.987	0.975
1291761641	0.877	0.913	0.936
1284681803	0.814	0.995	0.916
1270458878	0.889	0.863	0.972
1323405754	0.828	0.980	0.916
1323482862	0.794	1.000	0.928
1288641645	0.796	1.000	0.927
1288462149	0.850	0.905	0.968
1287282002	0.845	0.921	0.957
1325913545	0.830	0.991	0.900
1287254203	0.773	0.975	0.972
1289336159	0.766	0.972	0.983
1291352495	0.810	0.959	0.951
1287549017	0.793	0.957	0.969
1291480441	0.967	0.928	0.823
1323434616	0.971	0.954	0.792
1356075882	0.900	0.940	0.877
1270124099	0.945	0.942	0.831
1313777344	0.794	1.000	0.924
1291417188	0.869	0.989	0.859
1288878082	0.783	0.942	0.990
1313857190	0.748	1.000	0.967
1291483011	0.724	0.997	0.994
1290430852	0.910	0.987	0.818
1314009108	0.759	0.984	0.972
1287519963	0.749	1.000	0.964
1313790571	0.875	0.964	0.874
1288494412	0.726	0.995	0.992
1291386285	0.716	1.000	0.996
1350822318	0.763	0.990	0.959
1270617245	0.856	0.961	0.894
1291400410	0.889	0.985	0.837
1289886130	0.714	0.997	1.000
1270041644	0.910	0.865	0.936
1313912755	0.748	0.992	0.969
1283139414	0.770	0.941	0.997
1325756322	0.808	0.977	0.922
1323603077	0.927	0.907	0.873
1284536227	0.730	0.992	0.985
1287636613	0.744	0.993	0.970
1288702443	0.899	0.909	0.898
1323639049	0.716	1.000	0.990
1284600620	0.773	0.973	0.960
1289215067	0.816	0.909	0.980
1291446311	0.769	0.995	0.941
1426359477	0.949	0.922	0.833
1313952668	0.864	0.906	0.934
1291330767	0.719	1.000	0.984
1291661064	0.715	1.000	0.987
1313791469	0.961	0.873	0.867
1313912508	0.759	0.975	0.968
1289443163	0.726	1.000	0.975
1287769292	0.955	0.833	0.913
1314017383	0.921	0.935	0.845
1287390516	0.818	0.964	0.918
1288720021	0.967	0.905	0.828
1270390302	0.779	0.971	0.950
1325742065	0.826	0.987	0.886
1289204203	0.788	0.990	0.921
1325713368	0.996	0.924	0.778
1287428476	0.828	0.953	0.918
1284628625	0.833	0.955	0.910
1287408175	0.957	0.963	0.779
1270382645	0.882	0.989	0.827
1270887962	0.835	0.961	0.902
1284826404	0.827	0.991	0.879
1325682545	0.864	1.000	0.833
1325997642	0.716	1.000	0.981
1323640837	0.853	0.979	0.864
1289443032	0.796	0.974	0.926
1291246848	0.699	0.997	1.000
1288602156	0.828	0.914	0.951
1291376995	0.771	0.997	0.925
1282758894	0.717	0.997	0.979
1313767408	0.740	0.993	0.960
1287319537	0.735	0.997	0.959
1270826521	0.715	0.996	0.980
1289440319	0.775	0.987	0.928
1282668160	0.919	0.805	0.966
1323621739	0.956	0.959	0.774
1289434219	0.839	0.992	0.857
1284846277	0.701	0.995	0.991
1291634773	0.726	0.973	0.989
1291433693	0.882	0.939	0.866
1325943267	0.771	1.000	0.916
1291416786	0.960	0.965	0.761
1325675715	0.689	1.000	0.997
1325725917	0.866	0.935	0.884
1282670867	0.788	0.931	0.966
1287452807	0.719	1.000	0.966
1325760982	0.715	1.000	0.969
1313967751	0.799	0.983	0.902
1323656786	0.756	0.985	0.941
1291164302	0.698	1.000	0.985
1291503595	0.741	0.957	0.985
1323612329	0.717	1.000	0.966
1287385817	0.864	0.974	0.842
1288431157	0.772	0.992	0.916
1288742557	0.835	0.992	0.853
1288391433	0.862	0.842	0.975
1287477802	0.785	1.000	0.894
1291512117	0.709	0.985	0.985
1323414532	0.797	0.970	0.911
1314033341	0.886	0.947	0.846
1287304901	0.727	1.000	0.951
1287484674	0.739	1.000	0.939
1293023321	0.706	1.000	0.972
1287207927	0.931	1.000	0.746
1325742142	0.907	0.906	0.865
1284704177	0.992	0.930	0.755
1291680806	0.904	0.996	0.777
1287483159	0.745	0.986	0.945
1325740689	0.786	0.920	0.969
1291585970	0.783	0.976	0.916
1400671243	0.790	0.979	0.906
1313943346	0.755	0.989	0.931
1288831991	0.684	0.995	0.995
1351089140	0.830	0.931	0.913
1290357465	0.837	0.890	0.947
1313935385	0.960	0.965	0.749
1287299690	0.680	1.000	0.994
1293118440	0.784	0.934	0.955
1289207873	0.684	1.000	0.990
1284669382	0.698	0.977	0.997
1282972618	0.788	0.970	0.915
1313868068	0.791	0.965	0.917
1325788425	0.877	0.940	0.855
1291758056	0.693	0.997	0.983
1313774837	0.840	0.957	0.875
1323616031	0.927	0.933	0.811
1284883566	0.710	0.982	0.979
1288514663	0.796	0.996	0.879
1323639784	0.745	0.962	0.964
1288827064	0.730	0.991	0.950
1287324547	0.682	1.000	0.989
1291565181	0.835	0.949	0.886
1289229759	0.808	0.919	0.943
1284927761	0.915	0.906	0.848
1287561557	0.838	1.000	0.830
1288549444	0.822	0.991	0.856
1316235137	0.844	0.863	0.961
1291305372	0.703	0.981	0.983
1288825455	0.684	0.997	0.985
1323613252	0.731	1.000	0.935
1270463966	0.671	1.000	0.996
1313854498	0.790	0.943	0.932
1291316446	0.669	1.000	0.997
1313873458	0.750	0.962	0.954
1291328118	0.785	0.896	0.983
1323643633	0.821	0.970	0.873
1291388264	0.697	0.993	0.974
1323623777	0.955	0.963	0.745
1313865386	0.878	0.871	0.914
1270890290	0.750	0.929	0.984
1288521875	0.798	0.870	0.993
1289469470	0.867	0.884	0.910
1288564546	0.701	0.994	0.966
1351131119	0.789	0.986	0.886
1282905578	0.699	0.966	0.996
1313884878	0.711	0.996	0.953
1290166080	0.766	1.000	0.894
1284936821	0.710	0.991	0.959
1282908851	0.741	0.954	0.964
1290237427	0.869	0.908	0.883
1313794587	0.692	1.000	0.967
1313764934	0.833	0.984	0.841
1287800312	0.742	0.983	0.932
1313779779	0.658	1.000	1.000
1288550747	0.771	0.991	0.897
1313844409	0.736	0.984	0.937
1284604444	0.718	0.986	0.953
1282843156	0.696	0.989	0.972
1270819090	0.750	0.936	0.970
1270363089	0.822	0.874	0.960
1313730036	0.943	0.821	0.892
1284834793	0.930	0.915	0.810
1324217665	0.841	0.856	0.958
1313855153	0.774	0.959	0.923
1287354469	0.766	0.963	0.925
1313849785	0.970	0.967	0.717
1284875689	0.797	0.991	0.866
1287383395	0.722	0.997	0.935
1284878655	0.798	0.876	0.979
1288585728	0.776	0.995	0.882
1323618928	0.960	0.970	0.723
1287148125	0.850	0.898	0.904
1316242256	0.939	1.000	0.714
1316244707	0.732	0.968	0.951
1325894265	0.873	1.000	0.779
1323499703	0.758	0.974	0.920
1315207103	0.748	1.000	0.904
1323654831	0.663	0.992	0.995
1325694397	0.893	0.950	0.807
1284575287	0.834	0.930	0.887
1316245941	0.712	0.938	1.000
1282659511	0.649	1.000	1.000
1288831336	0.744	1.000	0.904
1289446704	0.652	1.000	0.996
1287758839	0.814	0.860	0.974
1288525039	0.970	0.936	0.741
1287272191	0.756	0.996	0.895
1291468046	0.646	1.000	1.000
1325877715	0.968	0.975	0.703
1284123104	0.653	0.995	0.997
1291639722	0.779	0.975	0.891
1356065161	0.692	0.994	0.959
1287363632	0.660	1.000	0.985
1284890784	0.895	0.914	0.835
1288387954	0.817	0.928	0.899
1313856119	0.648	1.000	0.996
1288606713	0.650	1.000	0.993
1316414250	0.681	1.000	0.962
1288586692	0.885	0.951	0.807
1287219933	0.790	0.964	0.888
1287363536	0.650	0.997	0.995
1288414048	0.686	0.994	0.961
1287293820	0.698	0.989	0.956
1291737442	0.980	0.877	0.785
1282910261	0.796	0.955	0.891
1270515643	0.727	0.956	0.958
1287229801	0.805	0.895	0.941
1313989026	0.802	0.958	0.881
1325725227	0.792	1.000	0.848
1282749482	0.812	0.924	0.905
1313873659	0.858	0.906	0.876
1288403308	0.855	0.829	0.955
1288478637	0.685	1.000	0.954
1323601834	0.935	0.879	0.826
1291241758	0.658	0.996	0.985
1270519824	0.674	0.996	0.969
1313779645	0.792	0.953	0.893
1287553829	0.936	0.922	0.780
1325810891	0.927	0.710	1.000
1289204537	0.765	0.951	0.921
1288498463	0.688	1.000	0.949
1291505858	0.727	0.995	0.915
1313831268	0.859	0.971	0.807
1289163966	0.989	0.981	0.666
1291413878	0.772	0.978	0.887
1287429981	0.842	0.953	0.842
1287512351	0.700	1.000	0.937
1323672808	0.662	1.000	0.974
1323643824	0.636	1.000	1.000
1287480369	0.840	0.991	0.805
1289315420	0.731	0.915	0.989
1287426054	0.696	0.958	0.981
1316590791	0.745	0.995	0.895
1282753347	0.635	1.000	1.000
1287347962	0.891	0.773	0.970
1287244904	0.685	0.974	0.975
1288758875	0.756	0.900	0.978
1356077355	0.829	0.936	0.868
1288642173	0.657	0.987	0.990
1291539357	0.900	0.965	0.768
1291634550	0.650	0.997	0.986
1288884691	0.771	0.891	0.972
1287588161	0.844	0.913	0.876
1288727845	0.746	0.932	0.954
1313765605	0.713	0.969	0.950
1288481433	0.900	0.903	0.830
1287215706	0.812	0.976	0.845
1316594436	0.738	0.996	0.897
1287565313	0.870	0.863	0.899
1270406353	0.815	0.989	0.827
1289264164	0.648	0.996	0.987
1288494865	0.730	0.965	0.936
1288566893	0.766	0.901	0.964
1288826388	0.703	0.966	0.963
1291435379	0.936	0.947	0.748
1287197300	0.715	0.970	0.946
1291500410	0.636	1.000	0.995
1284682965	0.791	0.864	0.975
1313976164	0.679	0.975	0.977
1289247340	0.697	0.995	0.939
1289584947	0.979	0.705	0.946
1287683037	0.643	1.000	0.986
1288043472	0.802	0.958	0.869
1323665469	0.699	0.991	0.939
1356066879	0.848	0.993	0.788
1287816553	0.672	1.000	0.957
1293878407	0.646	0.994	0.989
1323641454	0.700	0.997	0.931
1291553180	0.683	0.995	0.951
1288404900	0.673	1.000	0.955
1270844358	0.808	0.978	0.842
1293032146	0.748	0.978	0.902
1288770124	0.771	0.903	0.953
1291258386	0.851	0.990	0.787
1288692937	0.874	0.965	0.788
1313849091	0.812	0.990	0.825
1313911801	0.673	0.983	0.972
1287277805	0.721	0.927	0.979
1284670116	0.634	0.993	1.000
1289198422	0.656	0.979	0.992
1287563086	0.664	0.988	0.975
1284984648	0.759	0.985	0.882
1270631950	0.686	0.992	0.947
1325823211	0.650	0.992	0.983
1287483910	0.640	1.000	0.985
1270446849	0.748	0.997	0.880
1290101562	0.637	1.000	0.987
1288828821	0.654	1.000	0.970
1325997485	0.631	1.000	0.993
1288846815	0.682	0.984	0.959
1287717714	0.885	0.953	0.786
1291301745	0.705	0.985	0.934
1288582566	0.710	0.978	0.936
1288742114	0.649	0.997	0.977
1287653256	0.842	0.863	0.918
1287662621	0.696	0.981	0.946
1287198345	0.808	0.992	0.822
1323432469	0.726	0.966	0.931
1313867733	0.811	0.898	0.913
1325774827	0.669	0.976	0.977
1288373593	0.818	0.893	0.912
1294095053	0.813	0.993	0.816
1288459683	0.629	0.996	0.996
1287443733	0.763	0.926	0.932
1289189242	0.908	0.851	0.861
1350815820	0.668	0.994	0.959
1325770709	0.655	1.000	0.966
1313920368	0.697	0.972	0.952
1316264138	0.765	0.946	0.909
1325678261	0.926	0.882	0.813
1287766706	0.647	0.996	0.978
1288603020	0.739	0.958	0.923
1323603085	0.772	0.958	0.889
1325772982	0.858	0.902	0.860
1284720986	0.765	0.966	0.889
1288829179	0.645	1.000	0.975
1284592418	0.735	0.993	0.891
1323635017	0.789	0.944	0.887
1314038707	0.834	0.908	0.877
1287285342	0.976	0.682	0.961
1325756054	0.730	1.000	0.889
1313841650	0.919	0.891	0.809
1287567377	0.869	0.955	0.794
1313936167	0.945	0.973	0.700
1291470258	0.931	0.961	0.727
1313875624	0.839	0.961	0.818
1356073800	0.623	1.000	0.995
1282885774	0.744	0.989	0.884
1325835424	0.623	1.000	0.995
1289345927	0.748	0.889	0.980
1412097868	0.709	0.997	0.911
1323435357	0.687	0.992	0.938
1284582921	0.753	0.987	0.877
1289441120	0.780	0.926	0.911
1284888394	0.644	1.000	0.972
1282671109	0.723	0.954	0.938
1289204874	0.762	0.990	0.863
1270421216	0.664	0.996	0.955
1316342651	0.623	1.000	0.991
1287261955	0.710	1.000	0.904
1288522835	0.732	0.959	0.922
1288751186	0.694	0.930	0.989
1270279721	0.724	0.896	0.993
1270464459	0.692	0.966	0.955
1291231803	0.893	0.752	0.968
1323636242	0.807	0.852	0.954
1291488485	0.647	1.000	0.966
1288554665	0.908	0.968	0.737
1288749012	0.648	1.000	0.964
1270467139	0.769	0.925	0.918
1288621794	0.837	0.887	0.888
1313883784	0.650	1.000	0.962
1313880055	0.726	0.981	0.905
1282897363	0.785	0.970	0.857
1288716645	0.869	0.883	0.859
1287657439	0.929	0.981	0.701
1323553180	0.773	0.997	0.840
1289592052	0.647	0.995	0.968
1288460432	0.868	0.905	0.837
1289106427	0.634	0.996	0.980
1313788400	0.688	0.981	0.941
1270673630	0.759	0.861	0.989
1290025889	0.858	0.971	0.780
1287364789	0.716	0.985	0.908
1289138248	0.805	0.948	0.856
1313922542	0.786	0.963	0.860
1323664808	0.685	0.988	0.936
1270486694	0.709	1.000	0.899
1282677729	0.632	1.000	0.976
1291278357	0.829	0.959	0.820
1270497960	0.805	0.971	0.832
1291526947	0.668	0.984	0.956
1291532532	0.741	0.894	0.973
1284744191	0.722	0.980	0.906
1284753459	0.761	0.863	0.983
1287428450	0.625	1.000	0.982
1288497444	0.671	1.000	0.936
1270467327	0.616	0.995	0.996
1291813072	0.696	0.969	0.942
1287806946	0.666	0.997	0.944
1313783902	0.798	0.978	0.830
1287424491	0.722	0.893	0.992
1325684772	0.693	0.977	0.937
1313994548	0.815	0.907	0.884
1313850603	0.781	0.951	0.874
1288427202	0.847	0.865	0.893
1326013616	0.777	0.951	0.877
1287557597	0.721	0.978	0.906
1323540631	0.653	0.995	0.957
1270343243	0.652	1.000	0.953
1287383750	0.729	0.959	0.917
1288526243	0.618	0.988	1.000
1288854700	0.636	0.992	0.977
1288753243	0.864	0.851	0.891
1287561998	0.721	0.906	0.978
1270339493	0.634	0.991	0.980
1288472861	0.731	0.970	0.904
1289249738	0.747	0.996	0.862
1287459071	0.656	0.963	0.986
1291441045	0.793	0.879	0.933
1287373331	0.604	1.000	1.000
1291550925	0.791	0.943	0.870
1323644992	0.748	1.000	0.856
1288436253	0.698	0.949	0.957
1293439615	0.718	0.974	0.912
1282686437	0.607	1.000	0.997
1288867365	0.649	1.000	0.955
1270166044	0.807	0.967	0.830
1313992824	0.618	0.991	0.995
1270405710	0.667	0.970	0.966
1325742435	0.643	1.000	0.960
1287202739	0.802	0.884	0.916
1287649678	0.826	0.855	0.920
1325807957	0.679	0.971	0.952
1284639091	0.672	0.956	0.974
1287168266	0.686	0.994	0.922
1323613419	0.634	1.000	0.967
1288795202	0.830	0.873	0.899
1287442240	0.660	0.992	0.950
1323635292	0.634	1.000	0.967
1315207609	0.758	0.949	0.893
1325777163	0.845	0.981	0.775
1283003865	0.654	0.993	0.953
1287766808	0.890	0.908	0.802
1313867826	0.702	0.961	0.938
1289423374	0.727	0.922	0.952
1270429883	0.662	0.964	0.974
1270408553	0.857	0.947	0.795
1291584697	0.622	0.995	0.981
1287357265	0.598	1.000	1.000
1284986892	0.650	0.956	0.993
1270630562	0.907	0.942	0.749
1287451269	0.758	0.927	0.914
1316488177	0.631	1.000	0.966
1282781551	0.886	0.851	0.861
1313834112	0.648	0.955	0.995
1289222022	0.604	0.994	1.000
1282956347	0.954	0.709	0.935
1288755843	0.771	0.950	0.876
1288885003	0.692	0.973	0.933
1316294988	0.701	0.983	0.914
1350816585	0.926	0.731	0.940
1291245329	0.607	0.989	1.000
1314041006	0.628	0.978	0.990
1323622418	0.827	0.965	0.804
1287516791	0.642	1.000	0.954
1291359893	0.853	1.000	0.743
1284943877	0.611	0.997	0.987
1287802224	0.742	0.954	0.900
1291625456	0.608	1.000	0.987
1288460889	0.771	1.000	0.824
1287760467	0.884	0.978	0.734
1288748928	0.607	1.000	0.988
1314014848	0.642	0.964	0.989
1287490646	0.845	0.950	0.800
1287808837	0.655	0.996	0.944
1325752491	0.853	0.802	0.939
1287786498	0.678	0.991	0.925
1287790092	0.784	0.894	0.916
1288727233	0.770	0.994	0.830
1289230318	0.609	0.987	0.997
1270615586	0.600	1.000	0.993
1287763353	0.706	0.954	0.933
1284747144	0.746	0.882	0.964
1270449752	0.827	0.952	0.813
1287222697	0.649	0.978	0.964
1289168544	0.846	0.816	0.929
1287553786	0.626	1.000	0.965
1325770282	0.646	0.972	0.972
1313935717	0.604	0.997	0.989
1287457414	0.600	0.996	0.994
1289207901	0.679	0.968	0.943
1294498237	0.881	0.996	0.713
1284830375	0.735	0.974	0.881
1288683411	0.853	0.922	0.815
1291581364	0.594	1.000	0.996
1291214311	0.652	0.993	0.944
1323620254	0.623	0.990	0.976
1313917471	0.760	0.995	0.835
1323412859	0.825	0.991	0.773
1323659187	0.735	0.965	0.887
1287336859	0.775	0.962	0.851
1291487110	0.618	0.987	0.983
1270339380	0.846	0.963	0.778
1288740310	0.620	0.975	0.992
1289210282	0.883	0.856	0.848
1283050703	0.848	0.768	0.971
1283129645	0.976	0.668	0.943
1288661876	0.595	1.000	0.992
1287211530	0.678	0.984	0.924
1314014434	0.623	0.972	0.991
1291403242	0.774	0.919	0.893
1284739710	0.591	1.000	0.995
1289476824	0.834	0.976	0.775
1325813992	0.619	0.974	0.992
1287736158	0.633	1.000	0.952
1288400749	0.737	0.956	0.892
1270452652	0.861	0.984	0.740
1287498987	0.749	1.000	0.835
1284971849	0.611	0.991	0.983
1316236722	0.613	0.982	0.989
1282662960	0.637	0.988	0.959
1323632948	0.701	0.979	0.904
1295964941	0.612	0.983	0.990
1290173364	0.602	1.000	0.981
1323627189	0.757	0.900	0.927
1316263356	0.742	0.982	0.859
1313699941	0.755	0.936	0.893
1284635348	0.593	1.000	0.990
1313852754	0.960	0.798	0.824
1287560244	0.723	0.941	0.919
1270352926	0.629	0.991	0.962
1270499877	0.701	0.993	0.887
1313828359	0.612	0.972	0.997
1288639978	0.703	0.888	0.990
1323659006	0.661	0.984	0.937
1270341287	0.703	0.989	0.889
1270488539	0.645	0.988	0.948
1288414248	0.778	0.922	0.880
1289263009	0.674	0.932	0.973
1289201157	0.733	0.896	0.951
1289130376	0.755	0.979	0.846
1291441264	0.676	0.949	0.955
1289452590	0.730	0.885	0.965
1313954396	0.624	0.989	0.967
1287821964	0.716	0.980	0.883
1284657734	0.652	1.000	0.927
1287621044	0.939	0.863	0.776
1284811062	0.649	0.962	0.968
1287248186	0.736	0.941	0.901
1284571431	0.594	1.000	0.984
1325821655	0.779	0.922	0.876
1288459556	0.623	0.968	0.987
1325814037	0.724	0.980	0.874
1325769177	0.727	1.000	0.850
1400671559	0.778	0.997	0.802
1287543712	0.832	0.915	0.830
1289528035	0.787	0.926	0.863
1288884334	0.670	0.991	0.916
1314019951	0.629	0.989	0.958
1270391525	0.647	0.990	0.939
1283118869	0.679	0.976	0.921
1289418981	0.823	0.949	0.804
1288472117	0.696	0.995	0.884
1323646505	0.582	1.000	0.994
1293030517	0.655	0.976	0.944
1287314041	0.587	1.000	0.988
1287673382	0.723	0.921	0.931
1284795045	0.618	0.984	0.973
1291594078	0.593	0.992	0.990
1313786114	0.655	0.997	0.923
1284747032	0.795	0.840	0.939
1316574911	0.674	0.985	0.915
1287267264	0.574	1.000	1.000
1288551049	0.722	0.955	0.896
1289177937	0.705	0.940	0.928
1287514902	0.768	0.888	0.917
1287808831	0.573	1.000	1.000
1282752659	0.629	0.994	0.950
1291428280	0.702	0.954	0.917
1289202135	0.589	0.986	0.996
1289261779	0.647	0.940	0.985
1313889620	0.880	0.970	0.723
1289139461	0.677	0.967	0.928
1312495259	0.966	0.969	0.637
1287597690	0.706	0.942	0.924
1282941277	0.574	1.000	0.997
1323623556	0.773	0.941	0.857
1288803478	0.840	0.965	0.766
1288499004	0.742	0.930	0.899
1283415921	0.718	0.997	0.856
1270424136	0.819	0.777	0.974
1291270490	0.625	1.000	0.945
1288809125	0.577	1.000	0.993
1289148087	0.655	0.988	0.928
1287799283	0.744	0.910	0.915
1286691883	0.862	0.926	0.781
1282677750	0.587	1.000	0.983
1290634150	0.690	0.902	0.977
1289441704	0.782	0.941	0.846
1288731381	0.798	0.966	0.805
1288404010	0.599	0.996	0.974
1287390398	0.636	0.972	0.961
1288471048	0.569	1.000	1.000
1289721255	0.597	1.000	0.972
1288535600	0.625	0.971	0.972
1283124222	0.957	0.830	0.781
1291475621	0.907	0.978	0.682
1288448446	0.620	0.992	0.955
1291758650	0.604	0.996	0.967
1289147186	0.669	0.942	0.956
1291435062	0.702	0.879	0.986
1313770331	0.677	0.952	0.938
1287200920	0.579	1.000	0.988
1289137272	0.684	0.989	0.893
1291290982	0.660	0.962	0.944
1291397719	0.709	0.973	0.884
1291634314	0.755	0.985	0.825
1289296214	0.615	1.000	0.950
1287780303	0.716	0.928	0.922
1288617767	0.635	0.980	0.950
1323615948	0.677	0.987	0.902
1287206567	0.725	0.917	0.923
1288561978	0.731	0.917	0.917
1291214071	0.765	0.891	0.908
1351136375	0.893	0.991	0.680
1287248359	0.594	0.970	1.000
1295960425	0.647	0.982	0.935
1326359136	0.990	0.962	0.611
1289247363	0.714	0.983	0.866
1288485680	0.593	0.993	0.977
1282757761	0.686	1.000	0.877
1313845283	0.751	0.872	0.940
1289469655	0.728	0.997	0.838
1291362748	0.973	0.964	0.626
1291630875	0.592	0.976	0.994
1282704146	0.618	0.978	0.967
1325808754	0.921	0.899	0.742
1288766402	0.651	0.955	0.957
1288438432	0.865	0.885	0.812
1316235370	0.671	0.969	0.922
1282780284	0.630	1.000	0.931
1270495031	0.654	0.986	0.922
1284886786	0.605	0.984	0.972
1289431495	0.564	1.000	0.997
1289443692	0.873	0.955	0.733
1283139712	0.913	0.770	0.877
1270415551	0.656	0.977	0.928
1291528230	0.729	1.000	0.832
1287471715	0.560	1.000	1.000
1287424174	0.649	0.992	0.919
1288457194	0.637	0.957	0.966
1316562601	0.888	0.887	0.785
1284668009	0.770	0.857	0.932
1287779646	0.619	0.968	0.973
1270295205	0.580	0.993	0.987
1325868203	0.598	0.983	0.979
1313914916	0.877	0.884	0.799
1289259388	0.575	0.996	0.988
1291361025	0.587	1.000	0.972
1316313550	0.662	0.973	0.924
1291215992	0.751	0.821	0.987
1325702593	0.568	1.000	0.991
1313862319	0.652	0.979	0.928
1270887166	0.642	1.000	0.917
1288629463	0.578	0.997	0.984
1326019174	0.848	0.907	0.804
1270413011	0.558	1.000	1.000
1323661244	0.575	0.993	0.991
1323613745	0.865	0.995	0.698
1350823604	0.569	1.000	0.989
1316252465	0.662	0.965	0.931
1287351135	0.623	0.982	0.953
1313830761	0.693	0.980	0.885
1291448456	0.557	1.000	1.000
1323621215	0.885	0.926	0.746
1291352986	0.583	0.995	0.979
1323609443	0.852	0.966	0.739
1291252277	0.566	1.000	0.991
1289483573	0.702	0.921	0.933
1282818604	0.646	0.951	0.960
1351131861	0.757	0.870	0.929
1284609975	0.746	0.901	0.910
1288544814	0.791	0.969	0.796
1288799206	0.638	1.000	0.918
1289860089	0.629	0.961	0.966
1288467040	0.628	0.963	0.965
1290171286	0.807	0.968	0.780
1287596796	0.599	0.996	0.961
1284602581	0.587	0.976	0.993
1288862150	0.556	1.000	1.000
1288754480	0.655	0.953	0.948
1284571892	0.607	0.965	0.984
1287218663	0.646	0.966	0.943
1291465767	0.710	0.993	0.853
1287345002	0.569	0.990	0.996
1291497343	0.754	0.892	0.909
1270511073	0.760	0.917	0.878
1291478283	0.668	0.975	0.911
1289158490	0.671	0.909	0.974
1288664177	0.619	0.949	0.986
1270409381	0.575	0.995	0.984
1313864002	0.857	0.962	0.735
1270685610	0.977	0.880	0.697
1313979539	0.790	0.981	0.783
1288441107	0.658	0.957	0.939
1291271424	0.701	1.000	0.853
1325833091	0.883	0.981	0.689
1289221226	0.612	0.997	0.945
1284700857	0.571	0.982	1.000
1287485678	0.661	0.934	0.958
1270390645	0.715	0.963	0.874
1291525567	0.790	0.829	0.934
1412092354	0.819	0.885	0.847
1313884398	0.756	0.901	0.894
1291415479	0.637	0.921	0.993
1289211654	0.725	0.980	0.846
1325827122	0.744	0.849	0.958
1288042958	0.747	0.964	0.840
1325898725	0.716	0.988	0.846
1313857124	0.793	0.863	0.894
1288429441	0.831	0.818	0.901
1287222447	0.561	1.000	0.989
1288797383	0.556	1.000	0.994
1287389537	0.594	0.993	0.963
1288682204	0.555	1.000	0.995
1325885319	0.620	1.000	0.929
1325783594	0.753	0.992	0.804
1325822341	0.594	1.000	0.956
1313839420	0.714	0.989	0.846
1282935737	0.653	0.926	0.969
1291495644	0.790	1.000	0.759
1289191935	0.761	0.966	0.822
1323567342	0.651	0.941	0.956
1323610298	0.881	0.678	0.989
1325757207	0.582	1.000	0.967
1289183314	0.680	0.989	0.880
1291468707	0.669	0.893	0.986
1291366684	0.655	0.991	0.902
1288437081	0.685	0.960	0.903
1287435092	0.592	0.985	0.971
1288860168	0.602	0.997	0.949
1313795818	0.624	0.997	0.927
1323620196	0.825	0.973	0.750
1287782877	0.653	0.980	0.915
1351129614	0.697	0.970	0.881
1288712907	0.898	0.687	0.963
1412097891	0.599	0.974	0.975
1288765262	0.744	0.922	0.882
1325900724	0.848	0.986	0.714
1289446225	0.699	0.932	0.917
1288869695	0.701	0.859	0.987
1314013194	0.933	0.936	0.678
1289470718	0.685	0.965	0.896
1289212393	0.581	1.000	0.965
1325822310	0.653	0.954	0.940
1287509662	0.592	0.991	0.963
1325844445	0.639	0.972	0.936
1287160135	0.677	0.903	0.966
1288043364	0.550	0.996	1.000
1289213406	0.555	1.000	0.992
1270789522	0.668	0.898	0.980
1316313262	0.746	0.940	0.859
1284593261	0.638	1.000	0.908
1291482390	0.608	0.959	0.979
1289177543	0.794	0.991	0.760
1313783574	0.773	0.782	0.990
1313843923	0.798	0.978	0.769
1288893265	0.676	0.893	0.976
1287628225	0.725	0.985	0.835
1287246006	0.738	0.962	0.845
1291761284	0.568	1.000	0.977
1289219526	0.639	0.990	0.916
1270283757	0.614	1.000	0.930
1289446313	0.627	0.924	0.992
1291367908	0.994	0.943	0.607
1323393999	0.606	0.975	0.962
1287285901	0.694	0.905	0.945
1325782333	0.599	0.974	0.971
1323412892	0.673	0.970	0.900
1323438549	0.543	1.000	1.000
1287267684	0.904	0.949	0.690
1325813217	0.723	0.849	0.971
1289493131	0.791	0.989	0.763
1313935037	0.593	1.000	0.950
1291437153	0.587	1.000	0.956
1289207097	0.652	0.975	0.916
1325863589	0.682	0.900	0.960
1288854987	0.623	0.977	0.943
1323394025	0.807	0.780	0.955
1288372716	0.583	0.989	0.970
1291482614	0.648	1.000	0.894
1270413599	0.561	0.996	0.985
1287237912	0.598	0.977	0.966
1313882419	0.585	1.000	0.957
1288850417	0.841	0.917	0.784
1287257021	0.806	0.753	0.983
1270488397	0.676	0.892	0.973
1288741660	0.925	0.951	0.666
1287564459	0.647	0.977	0.917
1323630056	0.905	0.871	0.764
1289837433	0.691	0.891	0.958
1287826530	0.627	0.988	0.926
1291560010	0.686	0.992	0.862
1287462544	0.575	0.994	0.972
1270006072	0.650	0.924	0.966
1287433447	0.712	0.955	0.874
1313792016	0.661	0.925	0.954
1400676362	0.743	0.931	0.866
1325798499	0.614	0.980	0.946
1313863952	0.588	0.986	0.965
1287278635	0.575	0.964	1.000
1323634003	0.603	0.969	0.967
1289211079	0.608	0.952	0.980
1282697667	0.618	0.992	0.930
1284946787	0.645	0.982	0.912
1289083832	0.550	0.990	1.000
1288388782	0.649	0.916	0.974
1323438881	0.597	0.956	0.986
1323612173	0.606	0.969	0.964
1283091010	0.695	0.949	0.894
1291299445	0.837	0.817	0.884
1287182273	0.703	0.946	0.889
1288516535	0.558	0.985	0.994
1287153350	0.672	0.905	0.961
1325668468	0.822	0.744	0.973
1270477664	0.769	0.796	0.974
1289162334	0.578	0.997	0.963
1270551306	0.677	0.907	0.953
1291503523	0.624	0.986	0.927
1291422632	0.616	0.963	0.959
1287240324	0.951	0.954	0.633
1289191084	0.654	0.923	0.960
1323654777	0.721	0.876	0.941
1284689564	0.841	0.990	0.706
1287584680	0.845	0.865	0.827
1288787951	0.559	0.993	0.984
1325745440	0.624	0.995	0.917
1284984619	0.736	0.966	0.835
1325718846	0.627	0.962	0.948
1325682121	0.786	0.964	0.786
1288554451	0.696	0.951	0.889
1282666483	0.658	0.995	0.883
1313853312	0.729	0.886	0.922
1290028633	0.721	0.952	0.863
1287449352	0.577	1.000	0.959
1313760940	0.762	0.918	0.855
1287589304	0.866	0.834	0.836
1287443363	0.621	0.995	0.920
1288407688	0.919	0.788	0.829
1282677943	0.618	0.995	0.924
1270827467	0.626	0.990	0.920
1284678974	0.541	1.000	0.995
1288442744	0.805	0.982	0.749
1270822245	0.786	0.874	0.876
1287254153	0.787	0.933	0.815
1282709436	0.617	0.987	0.930
1314034785	0.554	0.993	0.988
1282749134	0.831	0.871	0.832
